{"authorDailyContributionsMap":{"HongJiancheng":[{"date":"2021-02-19","commitResults":[{"hash":"739065add0c8dce3c05601cc79feb4c70e6b28df","messageTitle":"Update DeveloperGuide.md","messageBody":"Update DeveloperGuide for Enhanced Address Book","fileTypesAndContributionMap":{"docs":{"insertions":34,"deletions":6}}}]},{"date":"2021-02-21","commitResults":[{"hash":"805b500bf63d8dc3f7b1ce6ed8fb8e88ebba6500","messageTitle":"add Group data structure","messageBody":"","fileTypesAndContributionMap":{"functional-code":{"insertions":87,"deletions":2}}},{"hash":"6a5eccd1cd69432c2f9235a968e54ba725499625","messageTitle":"add Group data structure","messageBody":"","fileTypesAndContributionMap":{"functional-code":{"insertions":66,"deletions":18},"test-code":{"insertions":75,"deletions":84}}},{"hash":"145f957b885fe0f4ebf52220e114d21c92b5e3e4","messageTitle":"add Group data structure","messageBody":"","fileTypesAndContributionMap":{"test-code":{"insertions":71,"deletions":39}}}]},{"date":"2021-02-23","commitResults":[{"hash":"6cd088efec0e70c75fff2e0f0bbb3bada843a0d0","messageTitle":"Update DeveloperGuide.md","messageBody":"","fileTypesAndContributionMap":{"docs":{"insertions":1,"deletions":1}}}]},{"date":"2021-02-28","commitResults":[{"hash":"366016524beea5a4604fb648f84a1ef553f60f09","messageTitle":"Add List all person from group function.","messageBody":"Temporary solution for add Group into GroupList from .json file\n","fileTypesAndContributionMap":{"functional-code":{"insertions":90,"deletions":8},"other":{"insertions":2,"deletions":2},"test-code":{"insertions":6,"deletions":2}}}]},{"date":"2021-03-11","commitResults":[{"hash":"44f9a53e1e5862a81f9bc771cbd1cc256efde812","messageTitle":"Update Edit command includes edit group","messageBody":"","tags":["v1.2"],"fileTypesAndContributionMap":{"functional-code":{"insertions":11,"deletions":6}}}]},{"date":"2021-03-17","commitResults":[{"hash":"761c2d410b27fc328ca52365c85d7d450f715c07","messageTitle":"Load Group from JSON file. Update add command which support with or without g/. No g/ will default group as \"NA\"","messageBody":"","fileTypesAndContributionMap":{"functional-code":{"insertions":75,"deletions":11},"test-code":{"insertions":41,"deletions":13}}},{"hash":"fcbc94b28c12dfcdc5d7c0141d5d0d962baf3964","messageTitle":"Load Group from JSON file. Update add command which support with or without g/. No g/ will default group as \"NA\"","messageBody":"","fileTypesAndContributionMap":{"functional-code":{"insertions":6,"deletions":0}}},{"hash":"3a50306400443a01bba46daf0e006ce62de82803","messageTitle":"Upload JSON Data File","messageBody":"","fileTypesAndContributionMap":{"other":{"insertions":61,"deletions":0}}},{"hash":"ee7c1b4213433f9fbbce78563725bb909094d3ff","messageTitle":"Upload JSON Data File","messageBody":"","fileTypesAndContributionMap":{"other":{"insertions":1,"deletions":1}}}]},{"date":"2021-03-21","commitResults":[{"hash":"56ebca35ab8c061fc8629ac1f1d7d46524509538","messageTitle":"no message","messageBody":"","fileTypesAndContributionMap":{"other":{"insertions":4,"deletions":0}}},{"hash":"7a7bb83e357a9cfa12813cb8f61d5b08c5e540f7","messageTitle":"Update Developer Guide and Enable Assertions","messageBody":"","fileTypesAndContributionMap":{"docs":{"insertions":1,"deletions":0}}},{"hash":"8e425c69b423688d0180cab698d3fd3805d982f0","messageTitle":"Update 4 more lines of Developer Guide and added two assertions","messageBody":"","fileTypesAndContributionMap":{"functional-code":{"insertions":2,"deletions":0},"other":{"insertions":1,"deletions":1},"docs":{"insertions":6,"deletions":0}}},{"hash":"e7cbf1df0c2aa52e7d8c0118693fff030e6d7560","messageTitle":"Update 4 more lines of Developer Guide and added two assertions, resolved create person with non exist group","messageBody":"","fileTypesAndContributionMap":{"functional-code":{"insertions":13,"deletions":1},"other":{"insertions":1,"deletions":1}}},{"hash":"d41bc2cdb6ad194991c508da48bc6f48db120270","messageTitle":"Update 4 more lines of Developer Guide and added two assertions, resolved create person with non exist group","messageBody":"","fileTypesAndContributionMap":{"functional-code":{"insertions":2,"deletions":1}}}]},{"date":"2021-03-22","commitResults":[{"hash":"bede2e62a3f2c436d9f849776dd81ae716a1eb78","messageTitle":"Update 4 more lines of Developer Guide and added two assertions, resolved create person with non exist group","messageBody":"","fileTypesAndContributionMap":{"functional-code":{"insertions":4,"deletions":6},"other":{"insertions":1,"deletions":1},"test-code":{"insertions":29,"deletions":15}}},{"hash":"a102412cd5472ce441a4499535222692d65cc375","messageTitle":"Update 4 more lines of Developer Guide and added two assertions, resolved create person with non exist group","messageBody":"","fileTypesAndContributionMap":{"other":{"insertions":1,"deletions":1}}}]},{"date":"2021-03-26","commitResults":[{"hash":"55c91dafd7185776dd9320a8848cfbcc8fd1ed2c","messageTitle":"Update User Guide about commands and resolved bug in deletegrp","messageBody":"","fileTypesAndContributionMap":{"docs":{"insertions":14,"deletions":14}}},{"hash":"c0661bd323de889720ed844c31e9d6fbb868b5f8","messageTitle":"Update SampleDataUtil.java","messageBody":"resolve bugs while loading sampledatautil","fileTypesAndContributionMap":{"functional-code":{"insertions":6,"deletions":6}}}]},{"date":"2021-04-07","commitResults":[{"hash":"c4eff3365cda955d624cdb23c960f04e11a74c32","messageTitle":"Resolve bugs in add Command and listfromgrp Command","messageBody":"","fileTypesAndContributionMap":{"functional-code":{"insertions":41,"deletions":27},"other":{"insertions":6,"deletions":6}}}]},{"date":"2021-04-09","commitResults":[{"hash":"19930ee1feef179c7179570030da773fa1f03d18","messageTitle":"Update DeveloperGuide.md","messageBody":"","fileTypesAndContributionMap":{"docs":{"insertions":18,"deletions":0}}},{"hash":"57aa9a2fa9e72a9259a8a053ac0a1bca9750c2d5","messageTitle":"Resolve bugs","messageBody":"","fileTypesAndContributionMap":{"functional-code":{"insertions":5,"deletions":0},"other":{"insertions":3,"deletions":1},"docs":{"insertions":47,"deletions":0}}},{"hash":"1cffa90752fecbcea97a812193d39c5f5b5e3402","messageTitle":"no message","messageBody":"","fileTypesAndContributionMap":{"other":{"insertions":1,"deletions":1}}},{"hash":"b40035bb1c7abd17934034944fc1344402c1d166","messageTitle":"Update PPP","messageBody":"","fileTypesAndContributionMap":{"docs":{"insertions":15,"deletions":20}}},{"hash":"074c1fbecd0f06ac433ffd14f2cf0c32d9f11882","messageTitle":"Rename HongJiancheng.md to hongjiancheng.md","messageBody":"","fileTypesAndContributionMap":{"docs":{"insertions":0,"deletions":0}}},{"hash":"611254dd2d5fde9fdd21e20d0e6a2fd9ee0de09b","messageTitle":"Rename hongjiancheng.md to hongJiancheng.md","messageBody":"","fileTypesAndContributionMap":{"docs":{"insertions":0,"deletions":0}}}]}],"ZhengShijieNUS":[{"date":"2021-02-17","commitResults":[{"hash":"7c5f096494f65f688fc6633b0963c19b2eb87b84","messageTitle":"Update README.md and AboutUs.md","messageBody":"1. add personal photos\n2. update README.md and AboutUs.md\n","fileTypesAndContributionMap":{"docs":{"insertions":38,"deletions":38}}},{"hash":"b8eebf99f7b4752981907444527bd3139f730e0e","messageTitle":"Update README.md","messageBody":"","fileTypesAndContributionMap":{"docs":{"insertions":1,"deletions":1}}}]},{"date":"2021-02-21","commitResults":[{"hash":"e475906e8de3d50744d9319c45d05017c9df08a7","messageTitle":"Update docs/_config.yml and README.md","messageBody":"Update docs/_config.yml and README.md\n","fileTypesAndContributionMap":{"docs":{"insertions":3,"deletions":3}}}]},{"date":"2021-02-22","commitResults":[{"hash":"d8c5efc639dcb8ea601bb2094dd8dbc98646da49","messageTitle":"Tutorial_branch_addRemark","messageBody":"","fileTypesAndContributionMap":{"functional-code":{"insertions":50,"deletions":0}}},{"hash":"8aea0774c014ce5709c4ce939a6a289936624906","messageTitle":"Update RemarkCommand.java","messageBody":"","fileTypesAndContributionMap":{"functional-code":{"insertions":3,"deletions":2}}}]},{"date":"2021-02-24","commitResults":[{"hash":"22d7e49b0d4bdf32a0e9d4745bad8fdaf7c3c409","messageTitle":"Update README.md","messageBody":"","fileTypesAndContributionMap":{"docs":{"insertions":1,"deletions":1}}},{"hash":"a77d056e2468f0c89bb7b35bbd4ea67104ba3f1b","messageTitle":"Delete RemarkCommand.java","messageBody":"Remove Remark command which was added for tutorial purpose before\n","fileTypesAndContributionMap":{"functional-code":{"insertions":0,"deletions":51}}}]},{"date":"2021-02-25","commitResults":[{"hash":"e5901dffeb3d7f4aa0b1a0b709a8ec7832d8855c","messageTitle":"Add function support assignptg","messageBody":"1. Add function that assign a person to a certain group\n2. fix hasGroup() method bug\n","fileTypesAndContributionMap":{"functional-code":{"insertions":148,"deletions":2}}},{"hash":"289f236bdf4b4f36be45ae8671fe912938680b55","messageTitle":"Update AddCommandTest.java","messageBody":"update test scripts\n","fileTypesAndContributionMap":{"test-code":{"insertions":11,"deletions":0}}}]},{"date":"2021-03-05","commitResults":[{"hash":"f561c0dcf3617402f506ac14aba2328cf927c21f","messageTitle":"Update AssignPersonToGroupCommand.java","messageBody":"","fileTypesAndContributionMap":{"functional-code":{"insertions":2,"deletions":0}}}]},{"date":"2021-03-19","commitResults":[{"hash":"014254d0360e84ea88b47df50af39b222c862aa0","messageTitle":"commit 1st draft of RenameGroupCommand","messageBody":"","fileTypesAndContributionMap":{"functional-code":{"insertions":147,"deletions":14}}},{"hash":"efe4d407f6570d7bb74a38f9df9eadfc5f950d94","messageTitle":"Refine RenameGroupCommand","messageBody":"1. Refine RenameGroupCommand\n2. update user guide\n","fileTypesAndContributionMap":{"functional-code":{"insertions":16,"deletions":5},"docs":{"insertions":2,"deletions":2}}},{"hash":"dc6eb20af3050f0d0e9e2f833d761fd3037da207","messageTitle":"1. make RenameGroup index to start from 2","messageBody":"","fileTypesAndContributionMap":{"functional-code":{"insertions":3,"deletions":1}}}]},{"date":"2021-03-20","commitResults":[{"hash":"96a984c9100fcb7c627aa6057a12f63ccfb71bcf","messageTitle":"refine test cases and remove unused methods","messageBody":"","fileTypesAndContributionMap":{"functional-code":{"insertions":0,"deletions":11},"test-code":{"insertions":10,"deletions":0}}},{"hash":"c31fa06e275302fbb8607bd7526168d214c133a2","messageTitle":"Update AddCommandTest.java","messageBody":"","fileTypesAndContributionMap":{"test-code":{"insertions":3,"deletions":1}}},{"hash":"923f885b12173ce29281341e6a4f0e73f9a5faf7","messageTitle":"Update RenameGroupCommand.java","messageBody":"bug fixed in RenameGroupCommand\n","fileTypesAndContributionMap":{"functional-code":{"insertions":5,"deletions":5}}},{"hash":"2eae91b299925fcb97903e1f8495d2eb1c189b04","messageTitle":"Update UserGuide.md","messageBody":"","fileTypesAndContributionMap":{"docs":{"insertions":30,"deletions":13}}}]},{"date":"2021-03-21","commitResults":[{"hash":"16eaeda698ab11bd96bae823f04211e11c1c0b92","messageTitle":"Update index.md","messageBody":"","fileTypesAndContributionMap":{"docs":{"insertions":5,"deletions":5}}}]},{"date":"2021-03-24","commitResults":[{"hash":"e480ad77b551aad1bf48af122e5be19cccf539b2","messageTitle":"add assert and update DG draft","messageBody":"","fileTypesAndContributionMap":{"functional-code":{"insertions":4,"deletions":0},"docs":{"insertions":26,"deletions":0}}}]},{"date":"2021-04-04","commitResults":[{"hash":"41222d715892a48947e929a2338b2d61721a61dd","messageTitle":"bug fixing #88","messageBody":"Bug description: Rename function does not update person list after rename a group into a new name\nStatus: fixed\n","fileTypesAndContributionMap":{"functional-code":{"insertions":17,"deletions":0}}},{"hash":"d43ab96cff255bd6d6a21a27a3a8555e793bbabc","messageTitle":"bug fixing: #87","messageBody":"bug description: After Assigning a person to a group, the person list panel does not update\nstatus: fixed\n","fileTypesAndContributionMap":{"functional-code":{"insertions":7,"deletions":3}}},{"hash":"14cacf47a046a19ccb2ecfb37addb2413d04a20c","messageTitle":"bug fixing:#73","messageBody":"bug description: Help command and Help button on GUI do not redirect to the correct website\nstatus: fixed\n","fileTypesAndContributionMap":{"functional-code":{"insertions":1,"deletions":1}}}]},{"date":"2021-04-07","commitResults":[{"hash":"e48b7e5e30cbdc81627e11dc8d84fda62fa3a435","messageTitle":"Create zhengshijienus.md","messageBody":"","fileTypesAndContributionMap":{"docs":{"insertions":54,"deletions":0}}}]},{"date":"2021-04-08","commitResults":[{"hash":"cd43d866159d4e61b461e862ead05e507c468a51","messageTitle":"update helping messages and UG","messageBody":"","fileTypesAndContributionMap":{"docs":{"insertions":21,"deletions":11}}},{"hash":"e727033d7bd3558abf50754e344d6c8f33ad89ad","messageTitle":"update DG partially and update PPP","messageBody":"","fileTypesAndContributionMap":{"docs":{"insertions":30,"deletions":4}}}]},{"date":"2021-04-09","commitResults":[{"hash":"3cff085b00a0ecb4a044ccf3d34812471eec873b","messageTitle":"Update RenameGroupCommand.java","messageBody":"fixing bug of creating duplicate name\n","fileTypesAndContributionMap":{"functional-code":{"insertions":6,"deletions":0}}}]}],"tototto":[{"date":"2021-02-17","commitResults":[{"hash":"3d315fae8dc482bac10efccd7d42492c40d8d2cc","messageTitle":"Update README.md","messageBody":"","fileTypesAndContributionMap":{"docs":{"insertions":1,"deletions":1}}},{"hash":"d960e9ecc7ceec5b44f51376ab0b23bccc09c77a","messageTitle":"Update README.md","messageBody":"","fileTypesAndContributionMap":{"docs":{"insertions":1,"deletions":1}}},{"hash":"44bd33ada9485a5026a6568b8c0ad6a25c53fb79","messageTitle":"Update README.md","messageBody":"","fileTypesAndContributionMap":{"docs":{"insertions":1,"deletions":1}}},{"hash":"76b749c06ba342e24978e34f6ca38b3def7b9699","messageTitle":"Update README.md","messageBody":"","fileTypesAndContributionMap":{"docs":{"insertions":1,"deletions":1}}},{"hash":"e974b1aa6867fbf118503b0ee5b92b4a2dbde162","messageTitle":"Update README.md","messageBody":"","fileTypesAndContributionMap":{"docs":{"insertions":1,"deletions":1}}}]},{"date":"2021-02-22","commitResults":[{"hash":"30c67fd2c02764f0ed77ec99b46c1feeeca1f88f","messageTitle":"added functions to create group and show group","messageBody":"","fileTypesAndContributionMap":{"functional-code":{"insertions":6,"deletions":0}}},{"hash":"5a27af0dd91bdb6afa2feb484d5dbe8843c14576","messageTitle":"added function to create group and show group","messageBody":"","fileTypesAndContributionMap":{"functional-code":{"insertions":148,"deletions":12}}},{"hash":"8775ee3bd97400a2d352e43950891dac3f63ac4f","messageTitle":"edited user guide for v1.1","messageBody":"","fileTypesAndContributionMap":{"docs":{"insertions":6,"deletions":6}}}]},{"date":"2021-02-23","commitResults":[{"hash":"20ab94804341d6318e958b5d96914e96b3febf60","messageTitle":"resolved issue on testcase failing","messageBody":"","fileTypesAndContributionMap":{"test-code":{"insertions":11,"deletions":0}}},{"hash":"cbbed9570c333eacd35b4913e6f0ecdd98a72ee5","messageTitle":"fixed checkstyle","messageBody":"","fileTypesAndContributionMap":{"functional-code":{"insertions":15,"deletions":8}}},{"hash":"9f83fe6a872e028a4c65ebdae88c86ffe3f6c033","messageTitle":"fixed checkstyle","messageBody":"","fileTypesAndContributionMap":{"functional-code":{"insertions":1,"deletions":1}}}]},{"date":"2021-03-17","commitResults":[{"hash":"5f1cdac83d5e5fc2ba803fbd320064dd573ca247","messageTitle":"added delete all person from group","messageBody":"","fileTypesAndContributionMap":{"functional-code":{"insertions":140,"deletions":4},"test-code":{"insertions":7,"deletions":0}}}]},{"date":"2021-03-18","commitResults":[{"hash":"38e7840004d0bcceba23db4375fba88f85ea50b0","messageTitle":"fixed checkstyle","messageBody":"","fileTypesAndContributionMap":{"functional-code":{"insertions":19,"deletions":10}}},{"hash":"a091d7d610e30a6cfbe4cc4b88cfddc92b55fb27","messageTitle":"added javadocs to fix checkstyle error","messageBody":"","fileTypesAndContributionMap":{"functional-code":{"insertions":5,"deletions":1}}},{"hash":"c73785620c1e35ef7d5a46a73da02587c8890dff","messageTitle":"fixed testcase error","messageBody":"","fileTypesAndContributionMap":{"test-code":{"insertions":10,"deletions":0}}}]},{"date":"2021-03-19","commitResults":[{"hash":"c0bbc11e93df9fb2d497478754c655d1f54ad9eb","messageTitle":"fixed issues with Data and merge conflit with team","messageBody":"","fileTypesAndContributionMap":{"functional-code":{"insertions":2,"deletions":2},"other":{"insertions":17,"deletions":10},"test-code":{"insertions":10,"deletions":10}}},{"hash":"55ea76dacc161daf65feaa377ab1546cd42ff899","messageTitle":"fixed checkstyle","messageBody":"","fileTypesAndContributionMap":{"other":{"insertions":1,"deletions":1}}},{"hash":"0ad79641171ab17c266967c32ca517068ca7cf11","messageTitle":"Update with new command and changed existing cmd","messageBody":"","fileTypesAndContributionMap":{"docs":{"insertions":16,"deletions":3}}}]},{"date":"2021-03-28","commitResults":[{"hash":"d0eb7872c5c9b9f5f9ef2221359b7c50f51f3153","messageTitle":"Update DeveloperGuide.md","messageBody":"","fileTypesAndContributionMap":{"docs":{"insertions":22,"deletions":0}}}]},{"date":"2021-04-04","commitResults":[{"hash":"81d2b46f177cf440c9fed682c0e5d576c89823da","messageTitle":"fixed 2 bug in create group","messageBody":"","fileTypesAndContributionMap":{"functional-code":{"insertions":24,"deletions":2},"other":{"insertions":23,"deletions":1}}},{"hash":"670c0b0d4f178633c95664e64eb61e2cb398a80e","messageTitle":"fixed CI checkstyle error","messageBody":"","fileTypesAndContributionMap":{"other":{"insertions":1,"deletions":1}}},{"hash":"30e85cb4040c11004cc8895b877d5bdde2bc6fe9","messageTitle":"fix more checkstyle error","messageBody":"","fileTypesAndContributionMap":{"functional-code":{"insertions":1,"deletions":5}}},{"hash":"e76e00f30d4c65656b7730cd8d823c7caf6437bd","messageTitle":"fix more checkstyle error","messageBody":"","fileTypesAndContributionMap":{"functional-code":{"insertions":0,"deletions":1}}},{"hash":"d743ae2f75d1b26ea8c45c79c4b2ac71b5f07097","messageTitle":"Update UserGuide.md","messageBody":"","fileTypesAndContributionMap":{"docs":{"insertions":2,"deletions":0}}},{"hash":"1a55b09d53f694d1be08356ad0cf47e9e48d86d6","messageTitle":"Update UserGuide.md","messageBody":"","fileTypesAndContributionMap":{"docs":{"insertions":1,"deletions":1}}},{"hash":"79f5b586a809d912fb85e54c3c4a17c7fb5e856a","messageTitle":"Create tayjunwen.md","messageBody":"","fileTypesAndContributionMap":{"docs":{"insertions":67,"deletions":0}}},{"hash":"b4f7fb12774d7e17dfde79eea6c042f52e5241a4","messageTitle":"Update tayjunwen.md","messageBody":"","fileTypesAndContributionMap":{"docs":{"insertions":4,"deletions":6}}}]},{"date":"2021-04-06","commitResults":[{"hash":"e1c44052bb05add2cef0e9c20c58ccef72c57ef8","messageTitle":"Update tayjunwen.md","messageBody":"","fileTypesAndContributionMap":{"docs":{"insertions":16,"deletions":18}}},{"hash":"f0db4beb91792c4fe067797252dc94e37973bda5","messageTitle":"Update tayjunwen.md","messageBody":"","fileTypesAndContributionMap":{"docs":{"insertions":33,"deletions":6}}},{"hash":"adc8fd8531fd091647dad03b9d97e039c6f318ac","messageTitle":"Update tayjunwen.md","messageBody":"","fileTypesAndContributionMap":{"docs":{"insertions":9,"deletions":6}}},{"hash":"999b371e7d816cb32c61aa1e6738a3f475c95613","messageTitle":"Update tayjunwen.md","messageBody":"","fileTypesAndContributionMap":{"docs":{"insertions":6,"deletions":5}}},{"hash":"5a79a2d4768d62aff67a87409322efa4bd97b9fc","messageTitle":"Update DeveloperGuide.md","messageBody":"","fileTypesAndContributionMap":{"docs":{"insertions":46,"deletions":0}}},{"hash":"fdff2855b9d63eb60f84700d7aea90bc0046f9d3","messageTitle":"Update DeveloperGuide.md","messageBody":"","fileTypesAndContributionMap":{"docs":{"insertions":15,"deletions":25}}}]},{"date":"2021-04-08","commitResults":[{"hash":"91ca16779ec6161dad85df40e390db5efbad6d5d","messageTitle":"Rename tayjunwen.md to tototto.md","messageBody":"","fileTypesAndContributionMap":{"docs":{"insertions":0,"deletions":0}}},{"hash":"9039ec1cbb5251b10c97680124ed81e14c1fc662","messageTitle":"Update tototto.md","messageBody":"","fileTypesAndContributionMap":{"docs":{"insertions":1,"deletions":1}}}]},{"date":"2021-04-09","commitResults":[{"hash":"afce15fa5281475b248441897816a94dab0dc3c9","messageTitle":"Update tototto.md","messageBody":"","fileTypesAndContributionMap":{"docs":{"insertions":1,"deletions":1}}},{"hash":"ddf5faf3d5b1ed54dcceda3e848b6f3e74700e1f","messageTitle":"Update tototto.md","messageBody":"","fileTypesAndContributionMap":{"docs":{"insertions":1,"deletions":1}}},{"hash":"fa9cca161fa3e89866f9187598704bafc1b37bbc","messageTitle":"Update tototto.md","messageBody":"","fileTypesAndContributionMap":{"docs":{"insertions":0,"deletions":2}}},{"hash":"9a28aabff2debd3fc46c03e0845618a2edcbfb9f","messageTitle":"Update tototto.md","messageBody":"","fileTypesAndContributionMap":{"docs":{"insertions":1,"deletions":1}}},{"hash":"c574b97feac5299adcb70b699a241f76eba69af1","messageTitle":"Update tototto.md","messageBody":"","tags":["1.4"],"fileTypesAndContributionMap":{"docs":{"insertions":2,"deletions":1}}},{"hash":"107bae6614b29007bb3a0935c34d4a8b4b324807","messageTitle":"Update tototto.md","messageBody":"","fileTypesAndContributionMap":{"docs":{"insertions":1,"deletions":1}}},{"hash":"d62718657b684d09c84883c59c62fa5e91d407e0","messageTitle":"Update tototto.md","messageBody":"","fileTypesAndContributionMap":{"docs":{"insertions":2,"deletions":1}}},{"hash":"ab48615a9ace2f924535238b0748b168100fc6a1","messageTitle":"Update DeveloperGuide.md","messageBody":"","fileTypesAndContributionMap":{"docs":{"insertions":1,"deletions":25}}},{"hash":"7c726163e8473bf82382ae0bdc39e3c4cd35f427","messageTitle":"Update UserGuide.md","messageBody":"","fileTypesAndContributionMap":{"docs":{"insertions":2,"deletions":0}}},{"hash":"bdb75670d8277f44c55902706189f149b29214eb","messageTitle":"Update UserGuide.md","messageBody":"","fileTypesAndContributionMap":{"docs":{"insertions":1,"deletions":1}}},{"hash":"0eec7b75e281b332a2adf06f66f39114f957d1f4","messageTitle":"Update UserGuide.md","messageBody":"","fileTypesAndContributionMap":{"docs":{"insertions":5,"deletions":1}}},{"hash":"5ea0f38d27230d6e021927ef18f2881cad575a9e","messageTitle":"Update UserGuide.md","messageBody":"","fileTypesAndContributionMap":{"docs":{"insertions":3,"deletions":3}}},{"hash":"fb36f46639377a857e8a0d5264fab7330d299b84","messageTitle":"commit before mege from git","messageBody":"","fileTypesAndContributionMap":{"other":{"insertions":13,"deletions":1}}},{"hash":"90caa2e94ab705b175973475fcd18f61b9d903f0","messageTitle":"Update README.md","messageBody":"","tags":["v1.4a"],"fileTypesAndContributionMap":{"docs":{"insertions":1,"deletions":1}}},{"hash":"a68d4ac6a9efdcc00ce83a5e7531579bce144113","messageTitle":"Update AboutUs.md","messageBody":"","fileTypesAndContributionMap":{"docs":{"insertions":6,"deletions":6}}}]}],"JanuariusJang":[{"date":"2021-02-19","commitResults":[{"hash":"6f734b8fb081aa7514df29e4ce267ad482ed5a54","messageTitle":"Updated User Guide","messageBody":"","fileTypesAndContributionMap":{"docs":{"insertions":75,"deletions":5}}}]},{"date":"2021-02-22","commitResults":[{"hash":"6990bbbb422c9f02e784c75ab4d231c3bd92a425","messageTitle":"Update userguide.md","messageBody":"Updated the create group command to create create g/GROUPNAME","fileTypesAndContributionMap":{"docs":{"insertions":4,"deletions":4}}}]},{"date":"2021-03-04","commitResults":[{"hash":"25edc70ef9ca8d8840ec522250271332fb3e25dd","messageTitle":"Implemented delete group functionality","messageBody":"","fileTypesAndContributionMap":{"functional-code":{"insertions":72,"deletions":0}}},{"hash":"18ec06cad34d034b0a0e615e5310986ef7f3d140","messageTitle":"Made formatting changes to pass CheckStyle","messageBody":"","fileTypesAndContributionMap":{"functional-code":{"insertions":8,"deletions":5}}},{"hash":"52e52f97d2c1aa223ae2515454e27522be4ee784","messageTitle":"Changed formatting to pass CheckStyle","messageBody":"","fileTypesAndContributionMap":{"functional-code":{"insertions":2,"deletions":1}}}]},{"date":"2021-03-05","commitResults":[{"hash":"978d54ae08c1dac1447991f0400d60f65c89e838","messageTitle":"Updated userguide.md","messageBody":"Changed the delete group command from delete to deletegrp, due to a conflict with the delete person command.","fileTypesAndContributionMap":{"docs":{"insertions":3,"deletions":3}}}]},{"date":"2021-03-12","commitResults":[{"hash":"371a281842cad5fe83704be02d5a657f68e445d3","messageTitle":"Implemented a check before deleting Group. If there are users in a the Group, it will not delete.","messageBody":"","fileTypesAndContributionMap":{"functional-code":{"insertions":28,"deletions":0}}},{"hash":"a798e57fa714cc46503c5a66d114ad96bcdcd2dc","messageTitle":"implemented a check that no one is assigned the Group before deleting.","messageBody":"","fileTypesAndContributionMap":{"functional-code":{"insertions":3,"deletions":10}}},{"hash":"792007b9a55e9ef3bdb83beacc455fdee760d50f","messageTitle":"This is required else error will be thrown.","messageBody":"","fileTypesAndContributionMap":{"test-code":{"insertions":5,"deletions":0}}},{"hash":"a3b79403c6ab96a8c9e3ec037702353e55035373","messageTitle":"disable this as checkstyle now passes","messageBody":"","fileTypesAndContributionMap":{"functional-code":{"insertions":1,"deletions":1}}},{"hash":"c6e9c7d78997003e83e38a5af5cf7a588668b089","messageTitle":"made changes to pass checkstyle","messageBody":"","fileTypesAndContributionMap":{"test-code":{"insertions":1,"deletions":1}}}]},{"date":"2021-03-22","commitResults":[{"hash":"d9f325a1041ac25db225a87e63a6558a27f510e4","messageTitle":"changes made to list person in group before deletion","messageBody":"","fileTypesAndContributionMap":{"functional-code":{"insertions":1,"deletions":0}}},{"hash":"9e4a027b2ab57e2463e052aee4af7b9368b5eafe","messageTitle":"Made change to adjust the indexing of the groups. The first group is the default N/A group, which is hidden from the Show command. All the user needs to do is to follow the indexing in the Show command to delete the group correctly.","messageBody":"","fileTypesAndContributionMap":{"functional-code":{"insertions":2,"deletions":2}}}]},{"date":"2021-03-23","commitResults":[{"hash":"256e23d167f6ce90ce225530672a1dbb2bba8e9e","messageTitle":"implemented delete when there are persons in grp","messageBody":"","fileTypesAndContributionMap":{"functional-code":{"insertions":13,"deletions":3}}}]},{"date":"2021-04-06","commitResults":[{"hash":"71bfbe681ef928b29cdcbedff29045fc8e4d2a52","messageTitle":"fixed the issue where deletegrp command\u0027s index is out of bounds: For example, deletegrp 999","messageBody":"","fileTypesAndContributionMap":{"functional-code":{"insertions":5,"deletions":1}}},{"hash":"dd1a2ea560f066a08abde5b88912699c9d5c041b","messageTitle":"Made change to refresh all persons list after deletion of the group","messageBody":"","fileTypesAndContributionMap":{"functional-code":{"insertions":1,"deletions":0}}},{"hash":"509f16c4aa000ec83463b8191032a40ca69446ad","messageTitle":"Changed the main window\u0027s title to be Addressbook NS Edition (ABNS)","messageBody":"","fileTypesAndContributionMap":{"functional-code":{"insertions":1,"deletions":1}}}]},{"date":"2021-04-09","commitResults":[{"hash":"02db53725bf803412168c2e9e1637132ae39baaa","messageTitle":"fixed error message on the deletegrp command","messageBody":"","fileTypesAndContributionMap":{"functional-code":{"insertions":1,"deletions":2}}}]}]},"authorFileTypeContributionMap":{"HongJiancheng":{"docs":91,"functional-code":341,"test-code":159,"other":64},"ZhengShijieNUS":{"docs":185,"functional-code":322,"test-code":24},"tototto":{"docs":180,"functional-code":312,"test-code":36,"other":32},"JanuariusJang":{"docs":54,"functional-code":112,"test-code":5}},"authorContributionVariance":{"HongJiancheng":4472.9624,"ZhengShijieNUS":1359.1748,"tototto":1924.9666,"JanuariusJang":278.64874},"authorDisplayNameMap":{"HongJiancheng":"TIC4002-F18-3 HONG..HENG","ZhengShijieNUS":"TIC4002-F18-3 ZHEN..IJIE","tototto":"TIC4002-F18-3 TAY .. WEN","JanuariusJang":"TIC4002-F18-3 JANU.. LIM"}}
