{"authorDailyContributionsMap":{"HongJiancheng":[{"date":"2021-02-19","commitResults":[{"hash":"739065add0c8dce3c05601cc79feb4c70e6b28df","messageTitle":"Update DeveloperGuide.md","messageBody":"Update DeveloperGuide for Enhanced Address Book","fileTypesAndContributionMap":{"docs":{"insertions":34,"deletions":6}}}]},{"date":"2021-02-21","commitResults":[{"hash":"805b500bf63d8dc3f7b1ce6ed8fb8e88ebba6500","messageTitle":"add Group data structure","messageBody":"","fileTypesAndContributionMap":{"functional-code":{"insertions":87,"deletions":2}}},{"hash":"6a5eccd1cd69432c2f9235a968e54ba725499625","messageTitle":"add Group data structure","messageBody":"","fileTypesAndContributionMap":{"functional-code":{"insertions":65,"deletions":18},"test-code":{"insertions":75,"deletions":84}}},{"hash":"145f957b885fe0f4ebf52220e114d21c92b5e3e4","messageTitle":"add Group data structure","messageBody":"","fileTypesAndContributionMap":{"test-code":{"insertions":71,"deletions":39}}}]},{"date":"2021-02-23","commitResults":[{"hash":"6cd088efec0e70c75fff2e0f0bbb3bada843a0d0","messageTitle":"Update DeveloperGuide.md","messageBody":"","fileTypesAndContributionMap":{"docs":{"insertions":1,"deletions":1}}}]},{"date":"2021-02-28","commitResults":[{"hash":"366016524beea5a4604fb648f84a1ef553f60f09","messageTitle":"Add List all person from group function.","messageBody":"Temporary solution for add Group into GroupList from .json file\n","fileTypesAndContributionMap":{"functional-code":{"insertions":90,"deletions":8},"other":{"insertions":2,"deletions":2},"test-code":{"insertions":6,"deletions":2}}}]}],"ZhengShijieNUS":[{"date":"2021-02-17","commitResults":[{"hash":"7c5f096494f65f688fc6633b0963c19b2eb87b84","messageTitle":"Update README.md and AboutUs.md","messageBody":"1. add personal photos\n2. update README.md and AboutUs.md\n","fileTypesAndContributionMap":{"docs":{"insertions":38,"deletions":38}}},{"hash":"b8eebf99f7b4752981907444527bd3139f730e0e","messageTitle":"Update README.md","messageBody":"","fileTypesAndContributionMap":{"docs":{"insertions":1,"deletions":1}}}]},{"date":"2021-02-21","commitResults":[{"hash":"e475906e8de3d50744d9319c45d05017c9df08a7","messageTitle":"Update docs/_config.yml and README.md","messageBody":"Update docs/_config.yml and README.md\n","fileTypesAndContributionMap":{"docs":{"insertions":3,"deletions":3}}}]},{"date":"2021-02-22","commitResults":[{"hash":"d8c5efc639dcb8ea601bb2094dd8dbc98646da49","messageTitle":"Tutorial_branch_addRemark","messageBody":"","fileTypesAndContributionMap":{"functional-code":{"insertions":50,"deletions":0}}},{"hash":"8aea0774c014ce5709c4ce939a6a289936624906","messageTitle":"Update RemarkCommand.java","messageBody":"","fileTypesAndContributionMap":{"functional-code":{"insertions":3,"deletions":2}}}]},{"date":"2021-02-24","commitResults":[{"hash":"22d7e49b0d4bdf32a0e9d4745bad8fdaf7c3c409","messageTitle":"Update README.md","messageBody":"","fileTypesAndContributionMap":{"docs":{"insertions":1,"deletions":1}}},{"hash":"a77d056e2468f0c89bb7b35bbd4ea67104ba3f1b","messageTitle":"Delete RemarkCommand.java","messageBody":"Remove Remark command which was added for tutorial purpose before\n","fileTypesAndContributionMap":{"functional-code":{"insertions":0,"deletions":51}}}]},{"date":"2021-02-25","commitResults":[{"hash":"e5901dffeb3d7f4aa0b1a0b709a8ec7832d8855c","messageTitle":"Add function support assignptg","messageBody":"1. Add function that assign a person to a certain group\n2. fix hasGroup() method bug\n","fileTypesAndContributionMap":{"functional-code":{"insertions":148,"deletions":2}}},{"hash":"289f236bdf4b4f36be45ae8671fe912938680b55","messageTitle":"Update AddCommandTest.java","messageBody":"update test scripts\n","fileTypesAndContributionMap":{"test-code":{"insertions":11,"deletions":0}}}]}],"tototto":[{"date":"2021-02-17","commitResults":[{"hash":"e974b1aa6867fbf118503b0ee5b92b4a2dbde162","messageTitle":"Update README.md","messageBody":"","fileTypesAndContributionMap":{"docs":{"insertions":1,"deletions":1}}}]},{"date":"2021-02-22","commitResults":[{"hash":"30c67fd2c02764f0ed77ec99b46c1feeeca1f88f","messageTitle":"added functions to create group and show group","messageBody":"","fileTypesAndContributionMap":{"functional-code":{"insertions":6,"deletions":0}}},{"hash":"5a27af0dd91bdb6afa2feb484d5dbe8843c14576","messageTitle":"added function to create group and show group","messageBody":"","fileTypesAndContributionMap":{"functional-code":{"insertions":148,"deletions":12}}},{"hash":"8775ee3bd97400a2d352e43950891dac3f63ac4f","messageTitle":"edited user guide for v1.1","messageBody":"","fileTypesAndContributionMap":{"docs":{"insertions":6,"deletions":6}}}]},{"date":"2021-02-23","commitResults":[{"hash":"20ab94804341d6318e958b5d96914e96b3febf60","messageTitle":"resolved issue on testcase failing","messageBody":"","fileTypesAndContributionMap":{"test-code":{"insertions":11,"deletions":0}}},{"hash":"cbbed9570c333eacd35b4913e6f0ecdd98a72ee5","messageTitle":"fixed checkstyle","messageBody":"","fileTypesAndContributionMap":{"functional-code":{"insertions":15,"deletions":8}}},{"hash":"9f83fe6a872e028a4c65ebdae88c86ffe3f6c033","messageTitle":"fixed checkstyle","messageBody":"","fileTypesAndContributionMap":{"functional-code":{"insertions":1,"deletions":1}}}]}],"JanuariusJang":[{"date":"2021-02-19","commitResults":[{"hash":"6f734b8fb081aa7514df29e4ce267ad482ed5a54","messageTitle":"Updated User Guide","messageBody":"","fileTypesAndContributionMap":{"docs":{"insertions":75,"deletions":5}}}]},{"date":"2021-02-22","commitResults":[{"hash":"6990bbbb422c9f02e784c75ab4d231c3bd92a425","messageTitle":"Update userguide.md","messageBody":"Updated the create group command to create create g/GROUPNAME","fileTypesAndContributionMap":{"docs":{"insertions":4,"deletions":4}}}]}]},"authorFileTypeContributionMap":{"HongJiancheng":{"docs":34,"functional-code":230,"test-code":111},"ZhengShijieNUS":{"docs":38,"functional-code":148,"test-code":11},"tototto":{"docs":7,"functional-code":147,"test-code":11},"JanuariusJang":{"docs":69,"functional-code":0,"test-code":0}},"authorContributionVariance":{"HongJiancheng":11029.398,"ZhengShijieNUS":1796.7683,"tototto":1778.7958,"JanuariusJang":353.43948},"authorDisplayNameMap":{"HongJiancheng":"TIC4002-F18-3 HONG..HENG","ZhengShijieNUS":"TIC4002-F18-3 ZHEN..IJIE","tototto":"TIC4002-F18-3 TAY .. WEN","JanuariusJang":"TIC4002-F18-3 JANU.. LIM"}}
