{"authorDailyContributionsMap":{"HongJiancheng":[{"date":"2021-02-19","commitResults":[{"hash":"739065add0c8dce3c05601cc79feb4c70e6b28df","messageTitle":"Update DeveloperGuide.md","messageBody":"Update DeveloperGuide for Enhanced Address Book","fileTypesAndContributionMap":{"docs":{"insertions":34,"deletions":6}}}]},{"date":"2021-02-21","commitResults":[{"hash":"805b500bf63d8dc3f7b1ce6ed8fb8e88ebba6500","messageTitle":"add Group data structure","messageBody":"","fileTypesAndContributionMap":{"functional-code":{"insertions":87,"deletions":2}}},{"hash":"6a5eccd1cd69432c2f9235a968e54ba725499625","messageTitle":"add Group data structure","messageBody":"","fileTypesAndContributionMap":{"functional-code":{"insertions":65,"deletions":18},"test-code":{"insertions":75,"deletions":84}}},{"hash":"145f957b885fe0f4ebf52220e114d21c92b5e3e4","messageTitle":"add Group data structure","messageBody":"","fileTypesAndContributionMap":{"test-code":{"insertions":71,"deletions":39}}}]},{"date":"2021-02-23","commitResults":[{"hash":"6cd088efec0e70c75fff2e0f0bbb3bada843a0d0","messageTitle":"Update DeveloperGuide.md","messageBody":"","fileTypesAndContributionMap":{"docs":{"insertions":1,"deletions":1}}}]},{"date":"2021-02-28","commitResults":[{"hash":"366016524beea5a4604fb648f84a1ef553f60f09","messageTitle":"Add List all person from group function.","messageBody":"Temporary solution for add Group into GroupList from .json file\n","fileTypesAndContributionMap":{"functional-code":{"insertions":90,"deletions":8},"other":{"insertions":2,"deletions":2},"test-code":{"insertions":6,"deletions":2}}}]},{"date":"2021-03-11","commitResults":[{"hash":"44f9a53e1e5862a81f9bc771cbd1cc256efde812","messageTitle":"Update Edit command includes edit group","messageBody":"","fileTypesAndContributionMap":{"functional-code":{"insertions":11,"deletions":6}}}]},{"date":"2021-03-17","commitResults":[{"hash":"761c2d410b27fc328ca52365c85d7d450f715c07","messageTitle":"Load Group from JSON file. Update add command which support with or without g/. No g/ will default group as \"NA\"","messageBody":"","fileTypesAndContributionMap":{"functional-code":{"insertions":75,"deletions":11},"test-code":{"insertions":41,"deletions":13}}},{"hash":"fcbc94b28c12dfcdc5d7c0141d5d0d962baf3964","messageTitle":"Load Group from JSON file. Update add command which support with or without g/. No g/ will default group as \"NA\"","messageBody":"","fileTypesAndContributionMap":{"functional-code":{"insertions":6,"deletions":0}}},{"hash":"3a50306400443a01bba46daf0e006ce62de82803","messageTitle":"Upload JSON Data File","messageBody":"","fileTypesAndContributionMap":{"other":{"insertions":61,"deletions":0}}},{"hash":"ee7c1b4213433f9fbbce78563725bb909094d3ff","messageTitle":"Upload JSON Data File","messageBody":"","fileTypesAndContributionMap":{"other":{"insertions":1,"deletions":1}}}]},{"date":"2021-03-21","commitResults":[{"hash":"56ebca35ab8c061fc8629ac1f1d7d46524509538","messageTitle":"no message","messageBody":"","fileTypesAndContributionMap":{"other":{"insertions":4,"deletions":0}}},{"hash":"7a7bb83e357a9cfa12813cb8f61d5b08c5e540f7","messageTitle":"Update Developer Guide and Enable Assertions","messageBody":"","fileTypesAndContributionMap":{"docs":{"insertions":1,"deletions":0}}},{"hash":"8e425c69b423688d0180cab698d3fd3805d982f0","messageTitle":"Update 4 more lines of Developer Guide and added two assertions","messageBody":"","fileTypesAndContributionMap":{"functional-code":{"insertions":2,"deletions":0},"other":{"insertions":1,"deletions":1},"docs":{"insertions":6,"deletions":0}}},{"hash":"e7cbf1df0c2aa52e7d8c0118693fff030e6d7560","messageTitle":"Update 4 more lines of Developer Guide and added two assertions, resolved create person with non exist group","messageBody":"","fileTypesAndContributionMap":{"functional-code":{"insertions":13,"deletions":1},"other":{"insertions":1,"deletions":1}}},{"hash":"d41bc2cdb6ad194991c508da48bc6f48db120270","messageTitle":"Update 4 more lines of Developer Guide and added two assertions, resolved create person with non exist group","messageBody":"","fileTypesAndContributionMap":{"functional-code":{"insertions":2,"deletions":1}}}]},{"date":"2021-03-22","commitResults":[{"hash":"bede2e62a3f2c436d9f849776dd81ae716a1eb78","messageTitle":"Update 4 more lines of Developer Guide and added two assertions, resolved create person with non exist group","messageBody":"","fileTypesAndContributionMap":{"functional-code":{"insertions":4,"deletions":6},"other":{"insertions":1,"deletions":1},"test-code":{"insertions":29,"deletions":15}}},{"hash":"a102412cd5472ce441a4499535222692d65cc375","messageTitle":"Update 4 more lines of Developer Guide and added two assertions, resolved create person with non exist group","messageBody":"","fileTypesAndContributionMap":{"other":{"insertions":1,"deletions":1}}}]}],"ZhengShijieNUS":[{"date":"2021-02-17","commitResults":[{"hash":"7c5f096494f65f688fc6633b0963c19b2eb87b84","messageTitle":"Update README.md and AboutUs.md","messageBody":"1. add personal photos\n2. update README.md and AboutUs.md\n","fileTypesAndContributionMap":{"docs":{"insertions":38,"deletions":38}}},{"hash":"b8eebf99f7b4752981907444527bd3139f730e0e","messageTitle":"Update README.md","messageBody":"","fileTypesAndContributionMap":{"docs":{"insertions":1,"deletions":1}}}]},{"date":"2021-02-21","commitResults":[{"hash":"e475906e8de3d50744d9319c45d05017c9df08a7","messageTitle":"Update docs/_config.yml and README.md","messageBody":"Update docs/_config.yml and README.md\n","fileTypesAndContributionMap":{"docs":{"insertions":3,"deletions":3}}}]},{"date":"2021-02-22","commitResults":[{"hash":"d8c5efc639dcb8ea601bb2094dd8dbc98646da49","messageTitle":"Tutorial_branch_addRemark","messageBody":"","fileTypesAndContributionMap":{"functional-code":{"insertions":50,"deletions":0}}},{"hash":"8aea0774c014ce5709c4ce939a6a289936624906","messageTitle":"Update RemarkCommand.java","messageBody":"","fileTypesAndContributionMap":{"functional-code":{"insertions":3,"deletions":2}}}]},{"date":"2021-02-24","commitResults":[{"hash":"22d7e49b0d4bdf32a0e9d4745bad8fdaf7c3c409","messageTitle":"Update README.md","messageBody":"","fileTypesAndContributionMap":{"docs":{"insertions":1,"deletions":1}}},{"hash":"a77d056e2468f0c89bb7b35bbd4ea67104ba3f1b","messageTitle":"Delete RemarkCommand.java","messageBody":"Remove Remark command which was added for tutorial purpose before\n","fileTypesAndContributionMap":{"functional-code":{"insertions":0,"deletions":51}}}]},{"date":"2021-02-25","commitResults":[{"hash":"e5901dffeb3d7f4aa0b1a0b709a8ec7832d8855c","messageTitle":"Add function support assignptg","messageBody":"1. Add function that assign a person to a certain group\n2. fix hasGroup() method bug\n","fileTypesAndContributionMap":{"functional-code":{"insertions":148,"deletions":2}}},{"hash":"289f236bdf4b4f36be45ae8671fe912938680b55","messageTitle":"Update AddCommandTest.java","messageBody":"update test scripts\n","fileTypesAndContributionMap":{"test-code":{"insertions":11,"deletions":0}}}]},{"date":"2021-03-05","commitResults":[{"hash":"f561c0dcf3617402f506ac14aba2328cf927c21f","messageTitle":"Update AssignPersonToGroupCommand.java","messageBody":"","fileTypesAndContributionMap":{"functional-code":{"insertions":2,"deletions":0}}}]},{"date":"2021-03-19","commitResults":[{"hash":"014254d0360e84ea88b47df50af39b222c862aa0","messageTitle":"commit 1st draft of RenameGroupCommand","messageBody":"","fileTypesAndContributionMap":{"functional-code":{"insertions":147,"deletions":14}}},{"hash":"efe4d407f6570d7bb74a38f9df9eadfc5f950d94","messageTitle":"Refine RenameGroupCommand","messageBody":"1. Refine RenameGroupCommand\n2. update user guide\n","fileTypesAndContributionMap":{"functional-code":{"insertions":16,"deletions":5},"docs":{"insertions":2,"deletions":2}}},{"hash":"dc6eb20af3050f0d0e9e2f833d761fd3037da207","messageTitle":"1. make RenameGroup index to start from 2","messageBody":"","fileTypesAndContributionMap":{"functional-code":{"insertions":3,"deletions":1}}}]},{"date":"2021-03-20","commitResults":[{"hash":"96a984c9100fcb7c627aa6057a12f63ccfb71bcf","messageTitle":"refine test cases and remove unused methods","messageBody":"","fileTypesAndContributionMap":{"functional-code":{"insertions":0,"deletions":11},"test-code":{"insertions":10,"deletions":0}}},{"hash":"c31fa06e275302fbb8607bd7526168d214c133a2","messageTitle":"Update AddCommandTest.java","messageBody":"","fileTypesAndContributionMap":{"test-code":{"insertions":3,"deletions":1}}},{"hash":"923f885b12173ce29281341e6a4f0e73f9a5faf7","messageTitle":"Update RenameGroupCommand.java","messageBody":"bug fixed in RenameGroupCommand\n","fileTypesAndContributionMap":{"functional-code":{"insertions":5,"deletions":5}}},{"hash":"2eae91b299925fcb97903e1f8495d2eb1c189b04","messageTitle":"Update UserGuide.md","messageBody":"","fileTypesAndContributionMap":{"docs":{"insertions":30,"deletions":13}}}]},{"date":"2021-03-21","commitResults":[{"hash":"16eaeda698ab11bd96bae823f04211e11c1c0b92","messageTitle":"Update index.md","messageBody":"","fileTypesAndContributionMap":{"docs":{"insertions":5,"deletions":5}}}]}],"tototto":[{"date":"2021-02-17","commitResults":[{"hash":"e974b1aa6867fbf118503b0ee5b92b4a2dbde162","messageTitle":"Update README.md","messageBody":"","fileTypesAndContributionMap":{"docs":{"insertions":1,"deletions":1}}}]},{"date":"2021-02-22","commitResults":[{"hash":"30c67fd2c02764f0ed77ec99b46c1feeeca1f88f","messageTitle":"added functions to create group and show group","messageBody":"","fileTypesAndContributionMap":{"functional-code":{"insertions":6,"deletions":0}}},{"hash":"5a27af0dd91bdb6afa2feb484d5dbe8843c14576","messageTitle":"added function to create group and show group","messageBody":"","fileTypesAndContributionMap":{"functional-code":{"insertions":148,"deletions":12}}},{"hash":"8775ee3bd97400a2d352e43950891dac3f63ac4f","messageTitle":"edited user guide for v1.1","messageBody":"","fileTypesAndContributionMap":{"docs":{"insertions":6,"deletions":6}}}]},{"date":"2021-02-23","commitResults":[{"hash":"20ab94804341d6318e958b5d96914e96b3febf60","messageTitle":"resolved issue on testcase failing","messageBody":"","fileTypesAndContributionMap":{"test-code":{"insertions":11,"deletions":0}}},{"hash":"cbbed9570c333eacd35b4913e6f0ecdd98a72ee5","messageTitle":"fixed checkstyle","messageBody":"","fileTypesAndContributionMap":{"functional-code":{"insertions":15,"deletions":8}}},{"hash":"9f83fe6a872e028a4c65ebdae88c86ffe3f6c033","messageTitle":"fixed checkstyle","messageBody":"","fileTypesAndContributionMap":{"functional-code":{"insertions":1,"deletions":1}}}]},{"date":"2021-03-17","commitResults":[{"hash":"5f1cdac83d5e5fc2ba803fbd320064dd573ca247","messageTitle":"added delete all person from group","messageBody":"","fileTypesAndContributionMap":{"functional-code":{"insertions":140,"deletions":4},"test-code":{"insertions":7,"deletions":0}}}]},{"date":"2021-03-18","commitResults":[{"hash":"38e7840004d0bcceba23db4375fba88f85ea50b0","messageTitle":"fixed checkstyle","messageBody":"","fileTypesAndContributionMap":{"functional-code":{"insertions":19,"deletions":10}}},{"hash":"a091d7d610e30a6cfbe4cc4b88cfddc92b55fb27","messageTitle":"added javadocs to fix checkstyle error","messageBody":"","fileTypesAndContributionMap":{"functional-code":{"insertions":5,"deletions":1}}},{"hash":"c73785620c1e35ef7d5a46a73da02587c8890dff","messageTitle":"fixed testcase error","messageBody":"","fileTypesAndContributionMap":{"test-code":{"insertions":10,"deletions":0}}}]},{"date":"2021-03-19","commitResults":[{"hash":"c0bbc11e93df9fb2d497478754c655d1f54ad9eb","messageTitle":"fixed issues with Data and merge conflit with team","messageBody":"","fileTypesAndContributionMap":{"functional-code":{"insertions":2,"deletions":2},"other":{"insertions":17,"deletions":10},"test-code":{"insertions":10,"deletions":10}}},{"hash":"55ea76dacc161daf65feaa377ab1546cd42ff899","messageTitle":"fixed checkstyle","messageBody":"","fileTypesAndContributionMap":{"other":{"insertions":1,"deletions":1}}},{"hash":"0ad79641171ab17c266967c32ca517068ca7cf11","messageTitle":"Update with new command and changed existing cmd","messageBody":"","fileTypesAndContributionMap":{"docs":{"insertions":16,"deletions":3}}}]}],"JanuariusJang":[{"date":"2021-02-19","commitResults":[{"hash":"6f734b8fb081aa7514df29e4ce267ad482ed5a54","messageTitle":"Updated User Guide","messageBody":"","fileTypesAndContributionMap":{"docs":{"insertions":75,"deletions":5}}}]},{"date":"2021-02-22","commitResults":[{"hash":"6990bbbb422c9f02e784c75ab4d231c3bd92a425","messageTitle":"Update userguide.md","messageBody":"Updated the create group command to create create g/GROUPNAME","fileTypesAndContributionMap":{"docs":{"insertions":4,"deletions":4}}}]},{"date":"2021-03-04","commitResults":[{"hash":"25edc70ef9ca8d8840ec522250271332fb3e25dd","messageTitle":"Implemented delete group functionality","messageBody":"","fileTypesAndContributionMap":{"functional-code":{"insertions":72,"deletions":0}}},{"hash":"18ec06cad34d034b0a0e615e5310986ef7f3d140","messageTitle":"Made formatting changes to pass CheckStyle","messageBody":"","fileTypesAndContributionMap":{"functional-code":{"insertions":8,"deletions":5}}},{"hash":"52e52f97d2c1aa223ae2515454e27522be4ee784","messageTitle":"Changed formatting to pass CheckStyle","messageBody":"","fileTypesAndContributionMap":{"functional-code":{"insertions":2,"deletions":1}}}]},{"date":"2021-03-05","commitResults":[{"hash":"978d54ae08c1dac1447991f0400d60f65c89e838","messageTitle":"Updated userguide.md","messageBody":"Changed the delete group command from delete to deletegrp, due to a conflict with the delete person command.","fileTypesAndContributionMap":{"docs":{"insertions":3,"deletions":3}}}]},{"date":"2021-03-12","commitResults":[{"hash":"371a281842cad5fe83704be02d5a657f68e445d3","messageTitle":"Implemented a check before deleting Group. If there are users in a the Group, it will not delete.","messageBody":"","fileTypesAndContributionMap":{"functional-code":{"insertions":28,"deletions":0}}},{"hash":"a798e57fa714cc46503c5a66d114ad96bcdcd2dc","messageTitle":"implemented a check that no one is assigned the Group before deleting.","messageBody":"","fileTypesAndContributionMap":{"functional-code":{"insertions":3,"deletions":10}}},{"hash":"792007b9a55e9ef3bdb83beacc455fdee760d50f","messageTitle":"This is required else error will be thrown.","messageBody":"","fileTypesAndContributionMap":{"test-code":{"insertions":5,"deletions":0}}},{"hash":"a3b79403c6ab96a8c9e3ec037702353e55035373","messageTitle":"disable this as checkstyle now passes","messageBody":"","fileTypesAndContributionMap":{"functional-code":{"insertions":1,"deletions":1}}},{"hash":"c6e9c7d78997003e83e38a5af5cf7a588668b089","messageTitle":"made changes to pass checkstyle","messageBody":"","fileTypesAndContributionMap":{"test-code":{"insertions":1,"deletions":1}}}]}]},"authorFileTypeContributionMap":{"HongJiancheng":{"docs":41,"functional-code":323,"test-code":159,"other":56},"ZhengShijieNUS":{"docs":74,"functional-code":290,"test-code":24},"tototto":{"docs":18,"functional-code":293,"test-code":36,"other":16},"JanuariusJang":{"docs":57,"functional-code":96,"test-code":5}},"authorContributionVariance":{"HongJiancheng":6035.768,"ZhengShijieNUS":1792.0234,"tototto":1461.2158,"JanuariusJang":393.9463},"authorDisplayNameMap":{"HongJiancheng":"TIC4002-F18-3 HONG..HENG","ZhengShijieNUS":"TIC4002-F18-3 ZHEN..IJIE","tototto":"TIC4002-F18-3 TAY .. WEN","JanuariusJang":"TIC4002-F18-3 JANU.. LIM"}}
