{"authorDailyContributionsMap":{"HongJiancheng":[{"date":"2021-02-19","commitResults":[{"hash":"739065add0c8dce3c05601cc79feb4c70e6b28df","messageTitle":"Update DeveloperGuide.md","messageBody":"Update DeveloperGuide for Enhanced Address Book","fileTypesAndContributionMap":{"docs":{"insertions":34,"deletions":6}}}]},{"date":"2021-02-21","commitResults":[{"hash":"805b500bf63d8dc3f7b1ce6ed8fb8e88ebba6500","messageTitle":"add Group data structure","messageBody":"","fileTypesAndContributionMap":{"functional-code":{"insertions":87,"deletions":2}}},{"hash":"6a5eccd1cd69432c2f9235a968e54ba725499625","messageTitle":"add Group data structure","messageBody":"","fileTypesAndContributionMap":{"functional-code":{"insertions":65,"deletions":18},"test-code":{"insertions":75,"deletions":84}}},{"hash":"145f957b885fe0f4ebf52220e114d21c92b5e3e4","messageTitle":"add Group data structure","messageBody":"","fileTypesAndContributionMap":{"test-code":{"insertions":71,"deletions":39}}}]}],"ZhengShijieNUS":[{"date":"2021-02-17","commitResults":[{"hash":"7c5f096494f65f688fc6633b0963c19b2eb87b84","messageTitle":"Update README.md and AboutUs.md","messageBody":"1. add personal photos\n2. update README.md and AboutUs.md\n","fileTypesAndContributionMap":{"docs":{"insertions":38,"deletions":38}}},{"hash":"b8eebf99f7b4752981907444527bd3139f730e0e","messageTitle":"Update README.md","messageBody":"","fileTypesAndContributionMap":{"docs":{"insertions":1,"deletions":1}}}]}],"tototto":[{"date":"2021-02-17","commitResults":[{"hash":"e974b1aa6867fbf118503b0ee5b92b4a2dbde162","messageTitle":"Update README.md","messageBody":"","fileTypesAndContributionMap":{"docs":{"insertions":1,"deletions":1}}}]}],"JanuariusJang":[{"date":"2021-02-19","commitResults":[{"hash":"6f734b8fb081aa7514df29e4ce267ad482ed5a54","messageTitle":"Updated User Guide","messageBody":"","fileTypesAndContributionMap":{"docs":{"insertions":75,"deletions":5}}}]}]},"authorFileTypeContributionMap":{"HongJiancheng":{"docs":33,"functional-code":147,"test-code":105},"ZhengShijieNUS":{"docs":38,"functional-code":0,"test-code":0},"tototto":{"docs":1,"functional-code":0,"test-code":0},"JanuariusJang":{"docs":75,"functional-code":0,"test-code":0}},"authorContributionVariance":{"HongJiancheng":17294.488,"ZhengShijieNUS":547.55994,"tototto":0.35999995,"JanuariusJang":576.0},"authorDisplayNameMap":{"HongJiancheng":"TIC4002-F18-3 HONG..HENG","ZhengShijieNUS":"TIC4002-F18-3 ZHEN..IJIE","tototto":"TIC4002-F18-3 TAY .. WEN","JanuariusJang":"TIC4002-F18-3 JANU.. LIM"}}
