{"authorDailyContributionsMap":{"daiweinus":[{"date":"2021-02-16","commitResults":[{"hash":"617acd7d9fbdc421a712b7ba8089daffc5dd3926","messageTitle":"add user story and user guide","messageBody":"","fileTypesAndContributionMap":{"docs":{"insertions":17,"deletions":5}}},{"hash":"c8e4dae78513ca970046a6c4ef3f87c71f825f36","messageTitle":"update user guide","messageBody":"","fileTypesAndContributionMap":{"docs":{"insertions":19,"deletions":16}}}]},{"date":"2021-02-23","commitResults":[{"hash":"2874c9b66548912d28263ef4b03fcfabc1de7407","messageTitle":"add developer guide and update application name in user guide","messageBody":"","fileTypesAndContributionMap":{"docs":{"insertions":4,"deletions":1}}}]},{"date":"2021-02-28","commitResults":[{"hash":"73e529ee1ea81e00418f1387f3d669ec6a20d4c1","messageTitle":"add developer guide and update application name in user guide","messageBody":"","fileTypesAndContributionMap":{"docs":{"insertions":4,"deletions":1}}},{"hash":"8e9dc87eeac33b6a56fe5a680eced0753e02d47a","messageTitle":"add developer guide and update application name in user guide","messageBody":"","fileTypesAndContributionMap":{"docs":{"insertions":1,"deletions":0}}}]},{"date":"2021-03-11","commitResults":[{"hash":"2b598924e2cf762babcd6bee4c529c4a88068e1e","messageTitle":"add sort function to sort employees by name, salary, dateOfJoin and dateOfBirth","messageBody":"","fileTypesAndContributionMap":{"functional-code":{"insertions":112,"deletions":1},"test-code":{"insertions":5,"deletions":0}}},{"hash":"adc0a6e4c824a2ccd8be2f2db0301be7bd6ccd42","messageTitle":"fix some comment type issue","messageBody":"","fileTypesAndContributionMap":{"functional-code":{"insertions":21,"deletions":17}}}]}],"dgc5213":[{"date":"2021-02-15","commitResults":[{"hash":"ccab16db6b7384a89b9aa9b4065da34daa2d1740","messageTitle":"Add/Update User Guide, Developer Guide, Photo","messageBody":"","fileTypesAndContributionMap":{"docs":{"insertions":19,"deletions":0}}}]},{"date":"2021-02-25","commitResults":[{"hash":"942be974f189ec69f6d3e0020899cc2068e98b92","messageTitle":"Add find use case in DG","messageBody":"","fileTypesAndContributionMap":{"docs":{"insertions":2,"deletions":1}}}]},{"date":"2021-02-28","commitResults":[{"hash":"0961ba4a0ca53b47f8145b2a643437aef781a759","messageTitle":"Add find use case in DG","messageBody":"","fileTypesAndContributionMap":{"docs":{"insertions":28,"deletions":3}}},{"hash":"c28e5c478c68ba7427a43d9277883282ba5012ed","messageTitle":"Find n/XXX","messageBody":"","fileTypesAndContributionMap":{"functional-code":{"insertions":79,"deletions":2},"docs":{"insertions":2,"deletions":2}}},{"hash":"383fce1d7f7a02d95eccab8ba32c95a472c3abe4","messageTitle":"Find n/XXX, Find r/XXX,  test is pending","messageBody":"","fileTypesAndContributionMap":{"functional-code":{"insertions":38,"deletions":48},"test-code":{"insertions":578,"deletions":578}}}]},{"date":"2021-03-02","commitResults":[{"hash":"31eb29a9dbec55ad6028e177b994342e9d25ccad","messageTitle":"Fix FindCommandParserTest, NameContainsKeywordsPredicateTest, other tests pending","messageBody":"","fileTypesAndContributionMap":{"functional-code":{"insertions":21,"deletions":25},"test-code":{"insertions":590,"deletions":578}}},{"hash":"591e10cbcc158b0132456da8a776cff387daa7fa","messageTitle":"Fix FindCommandTest, other tests pending","messageBody":"","fileTypesAndContributionMap":{"test-code":{"insertions":4,"deletions":2}}}]},{"date":"2021-03-03","commitResults":[{"hash":"da160d8641f608c0d8e5fc27e0787f1a11e6765d","messageTitle":"Passed All testing cases","messageBody":"","fileTypesAndContributionMap":{"test-code":{"insertions":2,"deletions":2}}},{"hash":"ec66b34ccc554b55f6f4f3dc82ded8bbc897185d","messageTitle":"Fixed Error message","messageBody":"","fileTypesAndContributionMap":{"functional-code":{"insertions":8,"deletions":8}}}]},{"date":"2021-03-11","commitResults":[{"hash":"f5ef73293dfb2d30c832924468e9dd943845ac3a","messageTitle":"Edit UG find","messageBody":"","fileTypesAndContributionMap":{"docs":{"insertions":8,"deletions":7}}}]}],"e0260222":[{"date":"2021-02-14","commitResults":[{"hash":"f2882bc9f75a15a344e451528c0b4a34a7cb477b","messageTitle":"Update AboutUs.md","messageBody":"","fileTypesAndContributionMap":{"docs":{"insertions":16,"deletions":33}}},{"hash":"eccde4a45388a1ec04f8124802e3927a87de48d5","messageTitle":"update README.md","messageBody":"","fileTypesAndContributionMap":{"docs":{"insertions":6,"deletions":10}}},{"hash":"108123be50670ed60fa804c18ceaea242252785e","messageTitle":"Update CI link in README.md","messageBody":"","fileTypesAndContributionMap":{"docs":{"insertions":1,"deletions":1}}}]},{"date":"2021-02-15","commitResults":[{"hash":"0a0c15fbf8a6f2cfeced4876044119dc67eaf662","messageTitle":"Update UserGuide.md with add, delete, clear, help and exit commands","messageBody":"","fileTypesAndContributionMap":{"docs":{"insertions":54,"deletions":121}}},{"hash":"1bcb609443cc958f7ca036757d836dacda91d28a","messageTitle":"Fix typo error in UserGuide.md","messageBody":"","fileTypesAndContributionMap":{"docs":{"insertions":1,"deletions":1}}},{"hash":"40e9fa8f5f80b84ca5ba8a6b4e893c19302c0038","messageTitle":"Update requirements section in DeveloperGuide.md","messageBody":"","fileTypesAndContributionMap":{"docs":{"insertions":34,"deletions":37}}}]},{"date":"2021-02-16","commitResults":[{"hash":"06640731f8aadf70248292ab01a3fdf6d4b2d28c","messageTitle":"Update AboutUs.md to correct URL to github repo","messageBody":"","fileTypesAndContributionMap":{"docs":{"insertions":1,"deletions":1}}}]},{"date":"2021-02-19","commitResults":[{"hash":"cddfc81ff655497eb0a6966f90848c6039289ac5","messageTitle":"Update product name to Employee Tracker in README, DG and UG","messageBody":"","fileTypesAndContributionMap":{"docs":{"insertions":21,"deletions":21}}}]},{"date":"2021-02-20","commitResults":[{"hash":"e7062a2e812cea2f1ab7eb260447f6a75bff7316","messageTitle":"Rename seedu.address package to employeetracker","messageBody":"","fileTypesAndContributionMap":{"other":{"insertions":738,"deletions":738},"test-code":{"insertions":2,"deletions":2}}},{"hash":"47a6021febc3449bb4135947a059bbf68840d1ad","messageTitle":"Fix checkstyle errors","messageBody":"","fileTypesAndContributionMap":{"functional-code":{"insertions":43,"deletions":43},"test-code":{"insertions":51,"deletions":51}}},{"hash":"43121b2337d4b66539e6beda5f425c32bc7fb72e","messageTitle":"Rename AddressBook class to EmployeeTracker","messageBody":"","fileTypesAndContributionMap":{"functional-code":{"insertions":85,"deletions":83},"other":{"insertions":10,"deletions":10},"test-code":{"insertions":65,"deletions":65}}},{"hash":"f006a6ff931160141c19de51aefa651940bd0d79","messageTitle":"Remove references to old app name","messageBody":"","fileTypesAndContributionMap":{"functional-code":{"insertions":58,"deletions":57},"other":{"insertions":63,"deletions":62},"test-code":{"insertions":202,"deletions":201}}},{"hash":"b57c3c3c2bc4b28b2687f6748bc24e5425b488fc","messageTitle":"Rename test json files","messageBody":"","fileTypesAndContributionMap":{"functional-code":{"insertions":1,"deletions":1},"other":{"insertions":0,"deletions":0},"test-code":{"insertions":7,"deletions":6}}},{"hash":"76a55ecb029db7e15cfc2e8900d78f00b7ae34c1","messageTitle":"Rename main class name in build.gradle","messageBody":"","fileTypesAndContributionMap":{"other":{"insertions":2,"deletions":2}}}]},{"date":"2021-02-22","commitResults":[{"hash":"37022275e75fb34c8ad8f449d667c2d1f5b57bec","messageTitle":"Add DateOfBirth class","messageBody":"","fileTypesAndContributionMap":{"functional-code":{"insertions":49,"deletions":2}}},{"hash":"ccaa861b51adb499bb1b24bb14b54dba198525c6","messageTitle":"Add Date of Birth to Person class","messageBody":"","fileTypesAndContributionMap":{"functional-code":{"insertions":85,"deletions":51},"test-code":{"insertions":21,"deletions":14}}}]},{"date":"2021-02-23","commitResults":[{"hash":"bc2f45cbae9b60bc0d7b2b74ec617c809e4323d2","messageTitle":"Fix checkstyle errors","messageBody":"","fileTypesAndContributionMap":{"functional-code":{"insertions":53,"deletions":20},"test-code":{"insertions":120,"deletions":48}}},{"hash":"e82e43bcd0b79fc829e05cb55d0823b6118f89af","messageTitle":"Add Date of Joining to Person class","messageBody":"","fileTypesAndContributionMap":{"functional-code":{"insertions":173,"deletions":37},"test-code":{"insertions":146,"deletions":58}}}]},{"date":"2021-02-24","commitResults":[{"hash":"0bbbc66517123a3a321bedd4be841f5989cfdf13","messageTitle":"Add Role to Person class","messageBody":"","fileTypesAndContributionMap":{"functional-code":{"insertions":165,"deletions":37},"test-code":{"insertions":151,"deletions":114}}},{"hash":"e43b6e831c26163c1411ab104fa622b721f608dd","messageTitle":"FIx checkstyle errors","messageBody":"","fileTypesAndContributionMap":{"test-code":{"insertions":51,"deletions":35}}},{"hash":"3f9414c86ff9a38bd293aadaf0a45ce69c4d841f","messageTitle":"Add Salary to Person class","messageBody":"","fileTypesAndContributionMap":{"functional-code":{"insertions":173,"deletions":51},"test-code":{"insertions":119,"deletions":63}}},{"hash":"5c12d83a3b1e34dfeb9b21c9a005febeb798bb5d","messageTitle":"Add user story for edit command","messageBody":"","fileTypesAndContributionMap":{"docs":{"insertions":1,"deletions":0}}},{"hash":"60eddb3ad3ef1c9b7f0fc13089d68e79e10493b9","messageTitle":"Add user stories for clear command","messageBody":"","fileTypesAndContributionMap":{"docs":{"insertions":7,"deletions":6}}},{"hash":"9974fbc217298e9f04987eed1c26dbc9a7766d60","messageTitle":"Add user story for list command","messageBody":"","fileTypesAndContributionMap":{"docs":{"insertions":1,"deletions":1}}}]},{"date":"2021-02-27","commitResults":[{"hash":"29471273dcfb2dfc02de1c4572b1634177e505ac","messageTitle":"Add hasSameRole method to Person class","messageBody":"","fileTypesAndContributionMap":{"functional-code":{"insertions":25,"deletions":12},"test-code":{"insertions":1,"deletions":1}}},{"hash":"c48221c02649664a98fe130ca7a1605105a91eae","messageTitle":"Change Person class to Employee class","messageBody":"","fileTypesAndContributionMap":{"functional-code":{"insertions":348,"deletions":346},"other":{"insertions":81,"deletions":81},"docs":{"insertions":10,"deletions":10},"test-code":{"insertions":221,"deletions":221}}},{"hash":"e801367abb3718bf38b48e99e1af609825c32d80","messageTitle":"Remove tutorials","messageBody":"","fileTypesAndContributionMap":{"docs":{"insertions":0,"deletions":747}}}]},{"date":"2021-02-28","commitResults":[{"hash":"4c1322c342f99eb3dc719d26ff5fdd17ad996691","messageTitle":"Update method names/comments to reflect the new Employee class","messageBody":"","fileTypesAndContributionMap":{"functional-code":{"insertions":155,"deletions":153},"other":{"insertions":116,"deletions":115},"test-code":{"insertions":418,"deletions":415}}},{"hash":"7cef0775bb1deff66a218068f8875f7fd6c6eddb","messageTitle":"Rename hasSameEmployee class name","messageBody":"","fileTypesAndContributionMap":{"functional-code":{"insertions":1,"deletions":1}}}]},{"date":"2021-03-06","commitResults":[{"hash":"5324dc16f3c7459046a243115758f500367af728","messageTitle":"Update add command in UG","messageBody":"","fileTypesAndContributionMap":{"docs":{"insertions":8,"deletions":7}}},{"hash":"a30d70ffac774a38160f3e6dafe09d69342d2f47","messageTitle":"Update Quick Start section in UG","messageBody":"","fileTypesAndContributionMap":{"docs":{"insertions":3,"deletions":3}}}]},{"date":"2021-03-08","commitResults":[{"hash":"dc86815a1dc61602797734c9cc7fb1051751f75e","messageTitle":"Add edit command to UG","messageBody":"","fileTypesAndContributionMap":{"docs":{"insertions":32,"deletions":7}}},{"hash":"949fb0edcc818980e36d9553794bb80f8c006153","messageTitle":"Update UG to correct typo errors","messageBody":"","fileTypesAndContributionMap":{"docs":{"insertions":2,"deletions":2}}},{"hash":"0599f172e06447d57fd73ce18f706660541cc34f","messageTitle":"Update typicalEmployees.json to correct comment","messageBody":"","fileTypesAndContributionMap":{"test-code":{"insertions":1,"deletions":1}}},{"hash":"2183ea6cc9ca61c2260a20c1738762f62f78a471","messageTitle":"Update comments in UniqueEmployeeList class","messageBody":"","fileTypesAndContributionMap":{"functional-code":{"insertions":1,"deletions":1}}},{"hash":"7dd09c1477cc8d11b329610d562346e29f561c2c","messageTitle":"Update tag names in SampleDataUtil class","messageBody":"","fileTypesAndContributionMap":{"functional-code":{"insertions":6,"deletions":6}}}]},{"date":"2021-03-11","commitResults":[{"hash":"a4151dda28b279f353246ec3038ab70d8dbf5e80","messageTitle":"Update code comments","messageBody":"","fileTypesAndContributionMap":{"functional-code":{"insertions":3,"deletions":7}}},{"hash":"695816b2e9bb1b261d82bff937ec2633812e0e8e","messageTitle":"Update code comments","messageBody":"","fileTypesAndContributionMap":{"functional-code":{"insertions":4,"deletions":0}}},{"hash":"74ca19fe1ec27213a025ff47bead89893af92ccb","messageTitle":"Add thousand separator for salary","messageBody":"","fileTypesAndContributionMap":{"functional-code":{"insertions":1,"deletions":1}}},{"hash":"0b49b2784b7a6f9d98ffa0b8d590fa9d9aba1230","messageTitle":"Fix bug with equal method","messageBody":"","fileTypesAndContributionMap":{"functional-code":{"insertions":1,"deletions":0}}},{"hash":"b47bf2014f5f7ee12bc4f7b0e8c00ff5ae1fff2f","messageTitle":"Update code comment","messageBody":"","fileTypesAndContributionMap":{"functional-code":{"insertions":1,"deletions":1}}},{"hash":"2e190826ba6ed739d76f35174e6f32f776eca87b","messageTitle":"ParserUtil class: Fix bug in parseRole method","messageBody":"","fileTypesAndContributionMap":{"functional-code":{"insertions":2,"deletions":2}}},{"hash":"661e2081e0d1fd53793d50801fb8e3422833f921","messageTitle":"ParserUtil class: Fix bug in parseDateOfJoining method","messageBody":"","fileTypesAndContributionMap":{"functional-code":{"insertions":2,"deletions":2}}},{"hash":"e9710549d0cb590422920f243cff5115931aee6a","messageTitle":"JsonAdaptedEmployee class: Fix bug in toModelType method","messageBody":"","fileTypesAndContributionMap":{"functional-code":{"insertions":1,"deletions":1}}}]},{"date":"2021-03-13","commitResults":[{"hash":"c9e5bdc14008cdfa58184f592cb01d3b62159368","messageTitle":"Enable assertion in gradle file","messageBody":"","fileTypesAndContributionMap":{"other":{"insertions":4,"deletions":0}}}]}],"Chenduo1412":[{"date":"2021-02-16","commitResults":[{"hash":"88a8f0b895fe893cccccee9e600e388a5ab88426","messageTitle":"Add Photo and update DG \u0026 UG","messageBody":"","fileTypesAndContributionMap":{"docs":{"insertions":8,"deletions":0}}}]},{"date":"2021-02-17","commitResults":[{"hash":"47c578ba12032bc875cbf35d21fef01c9088c4f7","messageTitle":"no message","messageBody":"","fileTypesAndContributionMap":{"docs":{"insertions":9,"deletions":9}}}]},{"date":"2021-03-03","commitResults":[{"hash":"29f5351efa12f742b6e4fbc69db7437353988fef","messageTitle":"update the user story for the report function","messageBody":"","fileTypesAndContributionMap":{"docs":{"insertions":1,"deletions":0}}}]},{"date":"2021-03-05","commitResults":[{"hash":"fa789b4b26bfd3217ed2f4c01f8a0814579eb1f2","messageTitle":"add UG for stats command.","messageBody":"","fileTypesAndContributionMap":{"docs":{"insertions":6,"deletions":0}}}]}]},"authorFileTypeContributionMap":{"daiweinus":{"docs":16,"functional-code":125,"test-code":5},"dgc5213":{"docs":37,"functional-code":70,"test-code":197},"e0260222":{"docs":140,"functional-code":1433,"test-code":1305,"other":6},"Chenduo1412":{"docs":6,"functional-code":0,"test-code":0}},"authorContributionVariance":{"daiweinus":865.7824,"dgc5213":103403.95,"e0260222":414932.8,"Chenduo1412":12.956661},"authorDisplayNameMap":{"daiweinus":"TIC4002-F18-2 DAI .. WEI","dgc5213":"TIC4002-F18-2 LIN ..TONG","e0260222":"TIC4002-F18-2 CHAN..HONG","Chenduo1412":"TIC4002-F18-2 CHEN.. DUO"}}
