{"authorDailyContributionsMap":{"daiweinus":[{"date":"2021-02-16","commitResults":[{"hash":"617acd7d9fbdc421a712b7ba8089daffc5dd3926","messageTitle":"add user story and user guide","messageBody":"","fileTypesAndContributionMap":{"docs":{"insertions":17,"deletions":5}}},{"hash":"c8e4dae78513ca970046a6c4ef3f87c71f825f36","messageTitle":"update user guide","messageBody":"","fileTypesAndContributionMap":{"docs":{"insertions":19,"deletions":16}}}]}],"dgc5213":[{"date":"2021-02-15","commitResults":[{"hash":"ccab16db6b7384a89b9aa9b4065da34daa2d1740","messageTitle":"Add/Update User Guide, Developer Guide, Photo","messageBody":"","fileTypesAndContributionMap":{"docs":{"insertions":19,"deletions":0}}}]}],"e0260222":[{"date":"2021-02-14","commitResults":[{"hash":"f2882bc9f75a15a344e451528c0b4a34a7cb477b","messageTitle":"Update AboutUs.md","messageBody":"","fileTypesAndContributionMap":{"docs":{"insertions":16,"deletions":33}}},{"hash":"eccde4a45388a1ec04f8124802e3927a87de48d5","messageTitle":"update README.md","messageBody":"","fileTypesAndContributionMap":{"docs":{"insertions":6,"deletions":10}}},{"hash":"108123be50670ed60fa804c18ceaea242252785e","messageTitle":"Update CI link in README.md","messageBody":"","fileTypesAndContributionMap":{"docs":{"insertions":1,"deletions":1}}}]},{"date":"2021-02-15","commitResults":[{"hash":"0a0c15fbf8a6f2cfeced4876044119dc67eaf662","messageTitle":"Update UserGuide.md with add, delete, clear, help and exit commands","messageBody":"","fileTypesAndContributionMap":{"docs":{"insertions":54,"deletions":121}}},{"hash":"1bcb609443cc958f7ca036757d836dacda91d28a","messageTitle":"Fix typo error in UserGuide.md","messageBody":"","fileTypesAndContributionMap":{"docs":{"insertions":1,"deletions":1}}},{"hash":"40e9fa8f5f80b84ca5ba8a6b4e893c19302c0038","messageTitle":"Update requirements section in DeveloperGuide.md","messageBody":"","fileTypesAndContributionMap":{"docs":{"insertions":34,"deletions":37}}}]},{"date":"2021-02-16","commitResults":[{"hash":"06640731f8aadf70248292ab01a3fdf6d4b2d28c","messageTitle":"Update AboutUs.md to correct URL to github repo","messageBody":"","fileTypesAndContributionMap":{"docs":{"insertions":1,"deletions":1}}}]},{"date":"2021-02-19","commitResults":[{"hash":"cddfc81ff655497eb0a6966f90848c6039289ac5","messageTitle":"Update product name to Employee Tracker in README, DG and UG","messageBody":"","fileTypesAndContributionMap":{"docs":{"insertions":21,"deletions":21}}}]},{"date":"2021-02-20","commitResults":[{"hash":"e7062a2e812cea2f1ab7eb260447f6a75bff7316","messageTitle":"Rename seedu.address package to employeetracker","messageBody":"","fileTypesAndContributionMap":{"other":{"insertions":738,"deletions":738},"test-code":{"insertions":2,"deletions":2}}},{"hash":"47a6021febc3449bb4135947a059bbf68840d1ad","messageTitle":"Fix checkstyle errors","messageBody":"","fileTypesAndContributionMap":{"functional-code":{"insertions":43,"deletions":43},"test-code":{"insertions":51,"deletions":51}}},{"hash":"43121b2337d4b66539e6beda5f425c32bc7fb72e","messageTitle":"Rename AddressBook class to EmployeeTracker","messageBody":"","fileTypesAndContributionMap":{"functional-code":{"insertions":85,"deletions":83},"other":{"insertions":10,"deletions":10},"test-code":{"insertions":65,"deletions":65}}},{"hash":"f006a6ff931160141c19de51aefa651940bd0d79","messageTitle":"Remove references to old app name","messageBody":"","fileTypesAndContributionMap":{"functional-code":{"insertions":58,"deletions":57},"other":{"insertions":63,"deletions":62},"test-code":{"insertions":202,"deletions":201}}},{"hash":"b57c3c3c2bc4b28b2687f6748bc24e5425b488fc","messageTitle":"Rename test json files","messageBody":"","fileTypesAndContributionMap":{"functional-code":{"insertions":1,"deletions":1},"other":{"insertions":0,"deletions":0},"test-code":{"insertions":7,"deletions":6}}},{"hash":"76a55ecb029db7e15cfc2e8900d78f00b7ae34c1","messageTitle":"Rename main class name in build.gradle","messageBody":"","fileTypesAndContributionMap":{"other":{"insertions":2,"deletions":2}}}]},{"date":"2021-02-22","commitResults":[{"hash":"37022275e75fb34c8ad8f449d667c2d1f5b57bec","messageTitle":"Add DateOfBirth class","messageBody":"","fileTypesAndContributionMap":{"functional-code":{"insertions":49,"deletions":2}}},{"hash":"ccaa861b51adb499bb1b24bb14b54dba198525c6","messageTitle":"Add Date of Birth to Person class","messageBody":"","fileTypesAndContributionMap":{"functional-code":{"insertions":85,"deletions":51},"test-code":{"insertions":21,"deletions":14}}}]},{"date":"2021-02-23","commitResults":[{"hash":"bc2f45cbae9b60bc0d7b2b74ec617c809e4323d2","messageTitle":"Fix checkstyle errors","messageBody":"","fileTypesAndContributionMap":{"functional-code":{"insertions":53,"deletions":20},"test-code":{"insertions":120,"deletions":48}}},{"hash":"e82e43bcd0b79fc829e05cb55d0823b6118f89af","messageTitle":"Add Date of Joining to Person class","messageBody":"","fileTypesAndContributionMap":{"functional-code":{"insertions":173,"deletions":37},"test-code":{"insertions":146,"deletions":58}}}]},{"date":"2021-02-24","commitResults":[{"hash":"0bbbc66517123a3a321bedd4be841f5989cfdf13","messageTitle":"Add Role to Person class","messageBody":"","fileTypesAndContributionMap":{"functional-code":{"insertions":165,"deletions":37},"test-code":{"insertions":151,"deletions":114}}},{"hash":"e43b6e831c26163c1411ab104fa622b721f608dd","messageTitle":"FIx checkstyle errors","messageBody":"","fileTypesAndContributionMap":{"test-code":{"insertions":51,"deletions":35}}},{"hash":"3f9414c86ff9a38bd293aadaf0a45ce69c4d841f","messageTitle":"Add Salary to Person class","messageBody":"","fileTypesAndContributionMap":{"functional-code":{"insertions":173,"deletions":51},"test-code":{"insertions":119,"deletions":63}}},{"hash":"5c12d83a3b1e34dfeb9b21c9a005febeb798bb5d","messageTitle":"Add user story for edit command","messageBody":"","fileTypesAndContributionMap":{"docs":{"insertions":1,"deletions":0}}},{"hash":"60eddb3ad3ef1c9b7f0fc13089d68e79e10493b9","messageTitle":"Add user stories for clear command","messageBody":"","fileTypesAndContributionMap":{"docs":{"insertions":7,"deletions":6}}},{"hash":"9974fbc217298e9f04987eed1c26dbc9a7766d60","messageTitle":"Add user story for list command","messageBody":"","fileTypesAndContributionMap":{"docs":{"insertions":1,"deletions":1}}}]}],"Chenduo1412":[{"date":"2021-02-16","commitResults":[{"hash":"88a8f0b895fe893cccccee9e600e388a5ab88426","messageTitle":"Add Photo and update DG \u0026 UG","messageBody":"","fileTypesAndContributionMap":{"docs":{"insertions":8,"deletions":0}}}]},{"date":"2021-02-17","commitResults":[{"hash":"47c578ba12032bc875cbf35d21fef01c9088c4f7","messageTitle":"no message","messageBody":"","fileTypesAndContributionMap":{"docs":{"insertions":9,"deletions":9}}}]}]},"authorFileTypeContributionMap":{"daiweinus":{"docs":12,"functional-code":0,"test-code":0},"dgc5213":{"docs":14,"functional-code":0,"test-code":0},"e0260222":{"docs":108,"functional-code":1034,"test-code":1053,"other":2},"Chenduo1412":{"docs":3,"functional-code":0,"test-code":0}},"authorContributionVariance":{"daiweinus":230.69821,"dgc5213":25.633146,"e0260222":514804.16,"Chenduo1412":25.846153},"authorDisplayNameMap":{"daiweinus":"TIC4002-F18-2 DAI .. WEI","dgc5213":"TIC4002-F18-2 LIN ..TONG","e0260222":"TIC4002-F18-2 CHAN..HONG","Chenduo1412":"TIC4002-F18-2 CHEN.. DUO"}}
