{"authorDailyContributionsMap":{"daiweinus":[{"date":"2021-02-16","commitResults":[{"hash":"617acd7d9fbdc421a712b7ba8089daffc5dd3926","messageTitle":"add user story and user guide","messageBody":"","fileTypesAndContributionMap":{"docs":{"insertions":17,"deletions":5}}},{"hash":"c8e4dae78513ca970046a6c4ef3f87c71f825f36","messageTitle":"update user guide","messageBody":"","fileTypesAndContributionMap":{"docs":{"insertions":19,"deletions":16}}}]},{"date":"2021-02-23","commitResults":[{"hash":"2874c9b66548912d28263ef4b03fcfabc1de7407","messageTitle":"add developer guide and update application name in user guide","messageBody":"","fileTypesAndContributionMap":{"docs":{"insertions":4,"deletions":1}}}]},{"date":"2021-02-28","commitResults":[{"hash":"73e529ee1ea81e00418f1387f3d669ec6a20d4c1","messageTitle":"add developer guide and update application name in user guide","messageBody":"","fileTypesAndContributionMap":{"docs":{"insertions":4,"deletions":1}}},{"hash":"8e9dc87eeac33b6a56fe5a680eced0753e02d47a","messageTitle":"add developer guide and update application name in user guide","messageBody":"","fileTypesAndContributionMap":{"docs":{"insertions":1,"deletions":0}}}]},{"date":"2021-03-11","commitResults":[{"hash":"2b598924e2cf762babcd6bee4c529c4a88068e1e","messageTitle":"add sort function to sort employees by name, salary, dateOfJoin and dateOfBirth","messageBody":"","fileTypesAndContributionMap":{"functional-code":{"insertions":112,"deletions":1},"test-code":{"insertions":5,"deletions":0}}},{"hash":"adc0a6e4c824a2ccd8be2f2db0301be7bd6ccd42","messageTitle":"fix some comment type issue","messageBody":"","fileTypesAndContributionMap":{"functional-code":{"insertions":21,"deletions":17}}}]},{"date":"2021-03-14","commitResults":[{"hash":"3a52b4705892ae8d9de536a986cbabef68daa6d3","messageTitle":"fix sort command","messageBody":"","fileTypesAndContributionMap":{"functional-code":{"insertions":12,"deletions":4}}},{"hash":"50f79b9c84eea9602b1abee248d22fffa6991115","messageTitle":"fix user guide","messageBody":"","fileTypesAndContributionMap":{"docs":{"insertions":3,"deletions":3}}},{"hash":"91df6c2a1b435bda80d31566c52a9914da4e008c","messageTitle":"fix user guide","messageBody":"","fileTypesAndContributionMap":{"docs":{"insertions":4,"deletions":4}}}]},{"date":"2021-03-23","commitResults":[{"hash":"5649f41ef35fe18b31168cfdba3255ce909d7432","messageTitle":"add sort command junit test, UG screenshot and DG implement section.","messageBody":"","fileTypesAndContributionMap":{"functional-code":{"insertions":1,"deletions":1},"docs":{"insertions":106,"deletions":2},"test-code":{"insertions":129,"deletions":0}}},{"hash":"db8636be2ad04731beae74e1d45d016cbc7ea0d8","messageTitle":"fix checkstyle","messageBody":"","fileTypesAndContributionMap":{"docs":{"insertions":2,"deletions":2}}},{"hash":"e843b81334defb2b88716472b509a7a35f797e1a","messageTitle":"fix checkstyle","messageBody":"","fileTypesAndContributionMap":{"functional-code":{"insertions":1,"deletions":1},"docs":{"insertions":1,"deletions":1}}}]},{"date":"2021-03-24","commitResults":[{"hash":"6d50215692f1117253579f78925b573af9871922","messageTitle":"fix sort command type case sensitive bug","messageBody":"","fileTypesAndContributionMap":{"functional-code":{"insertions":1,"deletions":1},"docs":{"insertions":1,"deletions":0}}},{"hash":"22a68850150703cd9ed102723305dcd38edb6fa8","messageTitle":"fix sort command type case sensitive bug","messageBody":"","fileTypesAndContributionMap":{"docs":{"insertions":1,"deletions":1}}}]},{"date":"2021-03-30","commitResults":[{"hash":"c68ec563a6da332376dd7594136c778728aacde4","messageTitle":"fix PE-D bug #29 add use case in DG, #107 \u0026 #140 consistency sort command section in UG.","messageBody":"","fileTypesAndContributionMap":{"docs":{"insertions":15,"deletions":3}}},{"hash":"3dc67c95f536408f4d21b9fec6d3b623652f19a7","messageTitle":"fix PE-D bug #29 add use case in DG, #107 \u0026 #140 consistency sort command section in UG.","messageBody":"","fileTypesAndContributionMap":{"docs":{"insertions":1,"deletions":1}}}]}],"dgc5213":[{"date":"2021-02-15","commitResults":[{"hash":"ccab16db6b7384a89b9aa9b4065da34daa2d1740","messageTitle":"Add/Update User Guide, Developer Guide, Photo","messageBody":"","fileTypesAndContributionMap":{"docs":{"insertions":19,"deletions":0}}}]},{"date":"2021-02-25","commitResults":[{"hash":"942be974f189ec69f6d3e0020899cc2068e98b92","messageTitle":"Add find use case in DG","messageBody":"","fileTypesAndContributionMap":{"docs":{"insertions":2,"deletions":1}}}]},{"date":"2021-02-28","commitResults":[{"hash":"0961ba4a0ca53b47f8145b2a643437aef781a759","messageTitle":"Add find use case in DG","messageBody":"","fileTypesAndContributionMap":{"docs":{"insertions":28,"deletions":3}}},{"hash":"c28e5c478c68ba7427a43d9277883282ba5012ed","messageTitle":"Find n/XXX","messageBody":"","fileTypesAndContributionMap":{"functional-code":{"insertions":79,"deletions":2},"docs":{"insertions":2,"deletions":2}}},{"hash":"383fce1d7f7a02d95eccab8ba32c95a472c3abe4","messageTitle":"Find n/XXX, Find r/XXX,  test is pending","messageBody":"","fileTypesAndContributionMap":{"functional-code":{"insertions":38,"deletions":48},"test-code":{"insertions":578,"deletions":578}}}]},{"date":"2021-03-02","commitResults":[{"hash":"31eb29a9dbec55ad6028e177b994342e9d25ccad","messageTitle":"Fix FindCommandParserTest, NameContainsKeywordsPredicateTest, other tests pending","messageBody":"","fileTypesAndContributionMap":{"functional-code":{"insertions":21,"deletions":25},"test-code":{"insertions":590,"deletions":578}}},{"hash":"591e10cbcc158b0132456da8a776cff387daa7fa","messageTitle":"Fix FindCommandTest, other tests pending","messageBody":"","fileTypesAndContributionMap":{"test-code":{"insertions":4,"deletions":2}}}]},{"date":"2021-03-03","commitResults":[{"hash":"da160d8641f608c0d8e5fc27e0787f1a11e6765d","messageTitle":"Passed All testing cases","messageBody":"","fileTypesAndContributionMap":{"test-code":{"insertions":2,"deletions":2}}},{"hash":"ec66b34ccc554b55f6f4f3dc82ded8bbc897185d","messageTitle":"Fixed Error message","messageBody":"","fileTypesAndContributionMap":{"functional-code":{"insertions":8,"deletions":8}}}]},{"date":"2021-03-11","commitResults":[{"hash":"f5ef73293dfb2d30c832924468e9dd943845ac3a","messageTitle":"Edit UG find","messageBody":"","fileTypesAndContributionMap":{"docs":{"insertions":8,"deletions":7}}}]},{"date":"2021-03-14","commitResults":[{"hash":"405aacd5a75ca6ccc5dcadd66db76bfd2ba0e332","messageTitle":"Edit FindCommand, UG, DG","messageBody":"","fileTypesAndContributionMap":{"functional-code":{"insertions":6,"deletions":12},"docs":{"insertions":28,"deletions":2}}}]},{"date":"2021-03-15","commitResults":[{"hash":"a505f65a21ad843f8b12c4639e60512407bf4bbd","messageTitle":"Edit FindCommand, DG","messageBody":"","fileTypesAndContributionMap":{"docs":{"insertions":16,"deletions":6}}},{"hash":"bd0274df6f5aee3446ee9d5f4fd88876f7b17f99","messageTitle":"Edit link","messageBody":"","fileTypesAndContributionMap":{"docs":{"insertions":2,"deletions":3}}}]},{"date":"2021-03-16","commitResults":[{"hash":"0108d2a895a92b21437f574f5c2863b6c9e32d43","messageTitle":"Edit UG","messageBody":"","fileTypesAndContributionMap":{"docs":{"insertions":2,"deletions":2}}}]},{"date":"2021-03-22","commitResults":[{"hash":"c4ed05f7401c45a2893da72f739b5f1a7fc1a1bb","messageTitle":"Edit UG","messageBody":"","fileTypesAndContributionMap":{"docs":{"insertions":3,"deletions":1}}}]},{"date":"2021-03-23","commitResults":[{"hash":"87d183e222d570ae99174bce4e252dd795491eff","messageTitle":"Add find by address function","messageBody":"","fileTypesAndContributionMap":{"functional-code":{"insertions":16,"deletions":1},"test-code":{"insertions":39,"deletions":0}}},{"hash":"649c5699d6c4fae1b9ece6607ca506a25b832f94","messageTitle":"Add find by phone function, Add find by date of birth function","messageBody":"","fileTypesAndContributionMap":{"functional-code":{"insertions":55,"deletions":1}}},{"hash":"3463b6fcc1be918593d3bf9bdb1aec5597d8c6ed","messageTitle":"Update Document","messageBody":"","fileTypesAndContributionMap":{"functional-code":{"insertions":9,"deletions":2},"docs":{"insertions":15,"deletions":6}}},{"hash":"6d25600813cdedb655ef874d7b89ba9c88fb38c1","messageTitle":"Add testing cases","messageBody":"","fileTypesAndContributionMap":{"test-code":{"insertions":35,"deletions":0}}},{"hash":"16c044217a3e382c9d3323c660960f25ed21b9b3","messageTitle":"Add assert","messageBody":"","fileTypesAndContributionMap":{"functional-code":{"insertions":1,"deletions":0}}},{"hash":"b88df980a593c5165a354462fed6c6429367ee4f","messageTitle":"Add assert","messageBody":"","fileTypesAndContributionMap":{"functional-code":{"insertions":0,"deletions":1}}},{"hash":"f2ca0c1075312e1931a4b3cafe7632d35a5a5da7","messageTitle":"Remove assert","messageBody":"","fileTypesAndContributionMap":{"functional-code":{"insertions":0,"deletions":1}}},{"hash":"0731953bdb40cee3e5164f38905ea950d9af7aa8","messageTitle":"check","messageBody":"","fileTypesAndContributionMap":{"functional-code":{"insertions":2,"deletions":0},"docs":{"insertions":2,"deletions":4}}},{"hash":"cae0958a0535ae85df1e010605c5dbffa4378bbd","messageTitle":"check","messageBody":"","fileTypesAndContributionMap":{"docs":{"insertions":0,"deletions":1}}},{"hash":"8d5dc53e59421bf2350a54cf3dd928942da538ea","messageTitle":"check","messageBody":"","fileTypesAndContributionMap":{"docs":{"insertions":1,"deletions":1}}},{"hash":"ea9700f90a8b045f7f6ac74a783587ecc727d034","messageTitle":"check","messageBody":"","fileTypesAndContributionMap":{"docs":{"insertions":1,"deletions":1}}},{"hash":"01fa20f55b1782f154f19b3e98b2387d83c868de","messageTitle":"edit text","messageBody":"","fileTypesAndContributionMap":{"functional-code":{"insertions":5,"deletions":5},"docs":{"insertions":9,"deletions":6}}}]},{"date":"2021-03-25","commitResults":[{"hash":"c6a340b59750b5796fe31579d06086aec99e3f14","messageTitle":"edit text","messageBody":"","fileTypesAndContributionMap":{"docs":{"insertions":1,"deletions":1}}}]},{"date":"2021-03-31","commitResults":[{"hash":"832f36385160cdcc0227ca25558490ab669d7356","messageTitle":"edit text","messageBody":"","fileTypesAndContributionMap":{"functional-code":{"insertions":3,"deletions":3},"docs":{"insertions":4,"deletions":4}}}]}],"e0260222":[{"date":"2021-02-14","commitResults":[{"hash":"f2882bc9f75a15a344e451528c0b4a34a7cb477b","messageTitle":"Update AboutUs.md","messageBody":"","fileTypesAndContributionMap":{"docs":{"insertions":16,"deletions":33}}},{"hash":"eccde4a45388a1ec04f8124802e3927a87de48d5","messageTitle":"update README.md","messageBody":"","fileTypesAndContributionMap":{"docs":{"insertions":6,"deletions":10}}},{"hash":"108123be50670ed60fa804c18ceaea242252785e","messageTitle":"Update CI link in README.md","messageBody":"","fileTypesAndContributionMap":{"docs":{"insertions":1,"deletions":1}}}]},{"date":"2021-02-15","commitResults":[{"hash":"0a0c15fbf8a6f2cfeced4876044119dc67eaf662","messageTitle":"Update UserGuide.md with add, delete, clear, help and exit commands","messageBody":"","fileTypesAndContributionMap":{"docs":{"insertions":54,"deletions":121}}},{"hash":"1bcb609443cc958f7ca036757d836dacda91d28a","messageTitle":"Fix typo error in UserGuide.md","messageBody":"","fileTypesAndContributionMap":{"docs":{"insertions":1,"deletions":1}}},{"hash":"40e9fa8f5f80b84ca5ba8a6b4e893c19302c0038","messageTitle":"Update requirements section in DeveloperGuide.md","messageBody":"","fileTypesAndContributionMap":{"docs":{"insertions":34,"deletions":37}}}]},{"date":"2021-02-16","commitResults":[{"hash":"06640731f8aadf70248292ab01a3fdf6d4b2d28c","messageTitle":"Update AboutUs.md to correct URL to github repo","messageBody":"","fileTypesAndContributionMap":{"docs":{"insertions":1,"deletions":1}}}]},{"date":"2021-02-19","commitResults":[{"hash":"cddfc81ff655497eb0a6966f90848c6039289ac5","messageTitle":"Update product name to Employee Tracker in README, DG and UG","messageBody":"","fileTypesAndContributionMap":{"docs":{"insertions":21,"deletions":21}}}]},{"date":"2021-02-20","commitResults":[{"hash":"e7062a2e812cea2f1ab7eb260447f6a75bff7316","messageTitle":"Rename seedu.address package to employeetracker","messageBody":"","fileTypesAndContributionMap":{"other":{"insertions":738,"deletions":738},"test-code":{"insertions":2,"deletions":2}}},{"hash":"47a6021febc3449bb4135947a059bbf68840d1ad","messageTitle":"Fix checkstyle errors","messageBody":"","fileTypesAndContributionMap":{"functional-code":{"insertions":43,"deletions":43},"test-code":{"insertions":51,"deletions":51}}},{"hash":"43121b2337d4b66539e6beda5f425c32bc7fb72e","messageTitle":"Rename AddressBook class to EmployeeTracker","messageBody":"","fileTypesAndContributionMap":{"functional-code":{"insertions":85,"deletions":83},"other":{"insertions":10,"deletions":10},"test-code":{"insertions":65,"deletions":65}}},{"hash":"f006a6ff931160141c19de51aefa651940bd0d79","messageTitle":"Remove references to old app name","messageBody":"","fileTypesAndContributionMap":{"functional-code":{"insertions":58,"deletions":57},"other":{"insertions":63,"deletions":62},"test-code":{"insertions":202,"deletions":201}}},{"hash":"b57c3c3c2bc4b28b2687f6748bc24e5425b488fc","messageTitle":"Rename test json files","messageBody":"","fileTypesAndContributionMap":{"functional-code":{"insertions":1,"deletions":1},"other":{"insertions":0,"deletions":0},"test-code":{"insertions":7,"deletions":6}}},{"hash":"76a55ecb029db7e15cfc2e8900d78f00b7ae34c1","messageTitle":"Rename main class name in build.gradle","messageBody":"","fileTypesAndContributionMap":{"other":{"insertions":2,"deletions":2}}}]},{"date":"2021-02-22","commitResults":[{"hash":"37022275e75fb34c8ad8f449d667c2d1f5b57bec","messageTitle":"Add DateOfBirth class","messageBody":"","fileTypesAndContributionMap":{"functional-code":{"insertions":49,"deletions":2}}},{"hash":"ccaa861b51adb499bb1b24bb14b54dba198525c6","messageTitle":"Add Date of Birth to Person class","messageBody":"","fileTypesAndContributionMap":{"functional-code":{"insertions":85,"deletions":51},"test-code":{"insertions":21,"deletions":14}}}]},{"date":"2021-02-23","commitResults":[{"hash":"bc2f45cbae9b60bc0d7b2b74ec617c809e4323d2","messageTitle":"Fix checkstyle errors","messageBody":"","fileTypesAndContributionMap":{"functional-code":{"insertions":53,"deletions":20},"test-code":{"insertions":120,"deletions":48}}},{"hash":"e82e43bcd0b79fc829e05cb55d0823b6118f89af","messageTitle":"Add Date of Joining to Person class","messageBody":"","fileTypesAndContributionMap":{"functional-code":{"insertions":173,"deletions":37},"test-code":{"insertions":146,"deletions":58}}}]},{"date":"2021-02-24","commitResults":[{"hash":"0bbbc66517123a3a321bedd4be841f5989cfdf13","messageTitle":"Add Role to Person class","messageBody":"","fileTypesAndContributionMap":{"functional-code":{"insertions":165,"deletions":37},"test-code":{"insertions":151,"deletions":114}}},{"hash":"e43b6e831c26163c1411ab104fa622b721f608dd","messageTitle":"FIx checkstyle errors","messageBody":"","fileTypesAndContributionMap":{"test-code":{"insertions":51,"deletions":35}}},{"hash":"3f9414c86ff9a38bd293aadaf0a45ce69c4d841f","messageTitle":"Add Salary to Person class","messageBody":"","fileTypesAndContributionMap":{"functional-code":{"insertions":173,"deletions":51},"test-code":{"insertions":119,"deletions":63}}},{"hash":"5c12d83a3b1e34dfeb9b21c9a005febeb798bb5d","messageTitle":"Add user story for edit command","messageBody":"","fileTypesAndContributionMap":{"docs":{"insertions":1,"deletions":0}}},{"hash":"60eddb3ad3ef1c9b7f0fc13089d68e79e10493b9","messageTitle":"Add user stories for clear command","messageBody":"","fileTypesAndContributionMap":{"docs":{"insertions":7,"deletions":6}}},{"hash":"9974fbc217298e9f04987eed1c26dbc9a7766d60","messageTitle":"Add user story for list command","messageBody":"","fileTypesAndContributionMap":{"docs":{"insertions":1,"deletions":1}}}]},{"date":"2021-02-27","commitResults":[{"hash":"29471273dcfb2dfc02de1c4572b1634177e505ac","messageTitle":"Add hasSameRole method to Person class","messageBody":"","fileTypesAndContributionMap":{"functional-code":{"insertions":25,"deletions":12},"test-code":{"insertions":1,"deletions":1}}},{"hash":"c48221c02649664a98fe130ca7a1605105a91eae","messageTitle":"Change Person class to Employee class","messageBody":"","fileTypesAndContributionMap":{"functional-code":{"insertions":348,"deletions":346},"other":{"insertions":81,"deletions":81},"docs":{"insertions":10,"deletions":10},"test-code":{"insertions":221,"deletions":221}}},{"hash":"e801367abb3718bf38b48e99e1af609825c32d80","messageTitle":"Remove tutorials","messageBody":"","fileTypesAndContributionMap":{"docs":{"insertions":0,"deletions":747}}}]},{"date":"2021-02-28","commitResults":[{"hash":"4c1322c342f99eb3dc719d26ff5fdd17ad996691","messageTitle":"Update method names/comments to reflect the new Employee class","messageBody":"","fileTypesAndContributionMap":{"functional-code":{"insertions":155,"deletions":153},"other":{"insertions":116,"deletions":115},"test-code":{"insertions":418,"deletions":415}}},{"hash":"7cef0775bb1deff66a218068f8875f7fd6c6eddb","messageTitle":"Rename hasSameEmployee class name","messageBody":"","fileTypesAndContributionMap":{"functional-code":{"insertions":1,"deletions":1}}}]},{"date":"2021-03-06","commitResults":[{"hash":"5324dc16f3c7459046a243115758f500367af728","messageTitle":"Update add command in UG","messageBody":"","fileTypesAndContributionMap":{"docs":{"insertions":8,"deletions":7}}},{"hash":"a30d70ffac774a38160f3e6dafe09d69342d2f47","messageTitle":"Update Quick Start section in UG","messageBody":"","fileTypesAndContributionMap":{"docs":{"insertions":3,"deletions":3}}}]},{"date":"2021-03-08","commitResults":[{"hash":"dc86815a1dc61602797734c9cc7fb1051751f75e","messageTitle":"Add edit command to UG","messageBody":"","fileTypesAndContributionMap":{"docs":{"insertions":32,"deletions":7}}},{"hash":"949fb0edcc818980e36d9553794bb80f8c006153","messageTitle":"Update UG to correct typo errors","messageBody":"","fileTypesAndContributionMap":{"docs":{"insertions":2,"deletions":2}}},{"hash":"0599f172e06447d57fd73ce18f706660541cc34f","messageTitle":"Update typicalEmployees.json to correct comment","messageBody":"","fileTypesAndContributionMap":{"test-code":{"insertions":1,"deletions":1}}},{"hash":"2183ea6cc9ca61c2260a20c1738762f62f78a471","messageTitle":"Update comments in UniqueEmployeeList class","messageBody":"","fileTypesAndContributionMap":{"functional-code":{"insertions":1,"deletions":1}}},{"hash":"7dd09c1477cc8d11b329610d562346e29f561c2c","messageTitle":"Update tag names in SampleDataUtil class","messageBody":"","fileTypesAndContributionMap":{"functional-code":{"insertions":6,"deletions":6}}}]},{"date":"2021-03-11","commitResults":[{"hash":"a4151dda28b279f353246ec3038ab70d8dbf5e80","messageTitle":"Update code comments","messageBody":"","fileTypesAndContributionMap":{"functional-code":{"insertions":3,"deletions":7}}},{"hash":"695816b2e9bb1b261d82bff937ec2633812e0e8e","messageTitle":"Update code comments","messageBody":"","fileTypesAndContributionMap":{"functional-code":{"insertions":4,"deletions":0}}},{"hash":"74ca19fe1ec27213a025ff47bead89893af92ccb","messageTitle":"Add thousand separator for salary","messageBody":"","fileTypesAndContributionMap":{"functional-code":{"insertions":1,"deletions":1}}},{"hash":"0b49b2784b7a6f9d98ffa0b8d590fa9d9aba1230","messageTitle":"Fix bug with equal method","messageBody":"","fileTypesAndContributionMap":{"functional-code":{"insertions":1,"deletions":0}}},{"hash":"b47bf2014f5f7ee12bc4f7b0e8c00ff5ae1fff2f","messageTitle":"Update code comment","messageBody":"","fileTypesAndContributionMap":{"functional-code":{"insertions":1,"deletions":1}}},{"hash":"2e190826ba6ed739d76f35174e6f32f776eca87b","messageTitle":"ParserUtil class: Fix bug in parseRole method","messageBody":"","fileTypesAndContributionMap":{"functional-code":{"insertions":2,"deletions":2}}},{"hash":"661e2081e0d1fd53793d50801fb8e3422833f921","messageTitle":"ParserUtil class: Fix bug in parseDateOfJoining method","messageBody":"","fileTypesAndContributionMap":{"functional-code":{"insertions":2,"deletions":2}}},{"hash":"e9710549d0cb590422920f243cff5115931aee6a","messageTitle":"JsonAdaptedEmployee class: Fix bug in toModelType method","messageBody":"","fileTypesAndContributionMap":{"functional-code":{"insertions":1,"deletions":1}}}]},{"date":"2021-03-13","commitResults":[{"hash":"c9e5bdc14008cdfa58184f592cb01d3b62159368","messageTitle":"Enable assertion in gradle file","messageBody":"","fileTypesAndContributionMap":{"other":{"insertions":4,"deletions":0}}}]},{"date":"2021-03-14","commitResults":[{"hash":"242bf26840a1b28587cf92c3ef1675ee7a2e9594","messageTitle":"Remove redundant comma in UG","messageBody":"","fileTypesAndContributionMap":{"docs":{"insertions":1,"deletions":1}}},{"hash":"f5daafcfbac43cc708cb31648a13b0c31d0e6225","messageTitle":"Employee class: remove hasSameRole method","messageBody":"","fileTypesAndContributionMap":{"functional-code":{"insertions":0,"deletions":12}}},{"hash":"c1578777a50fdc6cab1f48c35e3f6ade38267504","messageTitle":"Add assertions","messageBody":"","fileTypesAndContributionMap":{"functional-code":{"insertions":16,"deletions":0}}}]},{"date":"2021-03-18","commitResults":[{"hash":"eb5fd0cd1bed6472f708950982c406616c9d28d1","messageTitle":"Change sample command for Add command","messageBody":"","fileTypesAndContributionMap":{"functional-code":{"insertions":2,"deletions":2}}},{"hash":"0a1049016a45aa2fda7414918ecf69ce8a8989a3","messageTitle":"Add implementation section for add command to DG","messageBody":"","fileTypesAndContributionMap":{"docs":{"insertions":110,"deletions":0}}},{"hash":"e63bbe543d7fdaf794c488713cb3ded5236f3497","messageTitle":"Fix gradle errors","messageBody":"","fileTypesAndContributionMap":{"docs":{"insertions":3,"deletions":3}}}]},{"date":"2021-03-20","commitResults":[{"hash":"46e45add6cf655cb7c37b7b5f9d32a380f24db98","messageTitle":"Update UG with screenshots of app","messageBody":"","fileTypesAndContributionMap":{"docs":{"insertions":19,"deletions":4}}}]},{"date":"2021-03-22","commitResults":[{"hash":"98ff11994f3a8c00de8d7e6e0ad61ac50863a232","messageTitle":"Add RoleTest class","messageBody":"","fileTypesAndContributionMap":{"test-code":{"insertions":36,"deletions":0}}},{"hash":"f48dc60c4f535d202e98237501468b1d6a8ed9b2","messageTitle":"Add SalaryTest class","messageBody":"","fileTypesAndContributionMap":{"test-code":{"insertions":39,"deletions":0}}},{"hash":"2f210ea6b75b03833e50d121b961c6cab18b5a5e","messageTitle":"Add DateOfBirthTest class","messageBody":"","fileTypesAndContributionMap":{"test-code":{"insertions":40,"deletions":0}}},{"hash":"aaff71d331870960768ce0a72c4015154edd5349","messageTitle":"Add DateOfJoiningTest class","messageBody":"","fileTypesAndContributionMap":{"test-code":{"insertions":40,"deletions":0}}},{"hash":"b2ce62c4f7e76cd5556005231b90b6949d80a3b2","messageTitle":"EmployeeTest class: add test cases","messageBody":"","fileTypesAndContributionMap":{"test-code":{"insertions":24,"deletions":2}}},{"hash":"d64fa64e50ee53ae053ee946b3a7a1758af0dc3d","messageTitle":"Change value of VALID_ROLE_BOB","messageBody":"","fileTypesAndContributionMap":{"test-code":{"insertions":1,"deletions":1}}},{"hash":"9cb26e5b6ff8396647920473867735c6519fedd4","messageTitle":"EditEmployeeDescriptorTest class: add test cases","messageBody":"","fileTypesAndContributionMap":{"test-code":{"insertions":20,"deletions":0}}},{"hash":"f3a2d5ced8665de928ef8e7558b80ee404633416","messageTitle":"JsonEmployeeTrackerStorageTest class: update JavaDoc comments","messageBody":"","fileTypesAndContributionMap":{"test-code":{"insertions":1,"deletions":1}}},{"hash":"e57b79b6c0da2b8979f83cf8d4f1b41cb325fd82","messageTitle":"JsonAdaptedEmployeeTest class: add test cases","messageBody":"","fileTypesAndContributionMap":{"test-code":{"insertions":36,"deletions":0}}},{"hash":"d720a1f875b9a143d2ab24efdf18635ce61c0549","messageTitle":"CommandTestUtil class: Fix wrong INVALID_DATE_OF_JOINING_DESC","messageBody":"","fileTypesAndContributionMap":{"test-code":{"insertions":3,"deletions":1}}},{"hash":"71ef34c7c23bad26ed099129e4c8680dcc81df8a","messageTitle":"AddCommandParserTest class: add test cases","messageBody":"","fileTypesAndContributionMap":{"test-code":{"insertions":73,"deletions":1}}},{"hash":"d75a04e894d8aa9649a33cf4e636f8bc4a3cee09","messageTitle":"EditCommandParserText class: add test cases","messageBody":"","fileTypesAndContributionMap":{"test-code":{"insertions":69,"deletions":9}}},{"hash":"f2d1a71297e46b73a36460ec3e0b77bbde6b93e1","messageTitle":"SalaryTest class: add test case","messageBody":"","fileTypesAndContributionMap":{"test-code":{"insertions":1,"deletions":0}}},{"hash":"ee32fd975443fcc3c334df11acc672b5c2695cf6","messageTitle":"Update index.md","messageBody":"","fileTypesAndContributionMap":{"docs":{"insertions":7,"deletions":6}}},{"hash":"d5d05f8e1397a478139f002c868f6290014619de","messageTitle":"Update introduction section in UG","messageBody":"","fileTypesAndContributionMap":{"docs":{"insertions":1,"deletions":1}}},{"hash":"8c434b5b63f9e6db0c5ce02061d32a00e8a464b8","messageTitle":"Remove redundant screenshot from UG","messageBody":"","fileTypesAndContributionMap":{"docs":{"insertions":12,"deletions":13}}},{"hash":"f2c85a350d620d451aa68a893cc59c25fc87e127","messageTitle":"Fix display issue in index.md","messageBody":"","fileTypesAndContributionMap":{"docs":{"insertions":3,"deletions":2}}}]},{"date":"2021-03-29","commitResults":[{"hash":"23fecf012ce397737c23be3d7248c0f1a45c0365","messageTitle":"Fix UG bugs","messageBody":"","fileTypesAndContributionMap":{"docs":{"insertions":6,"deletions":6}}},{"hash":"6ae03bd89d4b5aa2e0b0578b8fcd168246d4c113","messageTitle":"Change the definition of unique employee from having the same name to having the same name and date of birth","messageBody":"","fileTypesAndContributionMap":{"functional-code":{"insertions":7,"deletions":2},"docs":{"insertions":8,"deletions":1},"test-code":{"insertions":9,"deletions":2}}},{"hash":"3e1c5c8965b96682d466475d1a4abd3acd8b2e06","messageTitle":"Remove redundant screenshots","messageBody":"","fileTypesAndContributionMap":{"docs":{"insertions":2,"deletions":11}}}]},{"date":"2021-03-30","commitResults":[{"hash":"45c505b41b71733a321ef6fd6b3cbf6d6fafe341","messageTitle":"Add validation to prevent date of birth from being a future date","messageBody":"","fileTypesAndContributionMap":{"functional-code":{"insertions":17,"deletions":0},"docs":{"insertions":1,"deletions":1},"test-code":{"insertions":27,"deletions":0}}},{"hash":"81da7e2c311e49cecb930103f3e462e00b31afa9","messageTitle":"Correct references to obsolete classes","messageBody":"","fileTypesAndContributionMap":{"functional-code":{"insertions":23,"deletions":25},"test-code":{"insertions":71,"deletions":70}}},{"hash":"b23f00d7314aa59bea28f0294856d5bcac88f757","messageTitle":"Fix UG bug for summary section","messageBody":"","fileTypesAndContributionMap":{"docs":{"insertions":1,"deletions":1}}},{"hash":"8b5dbf950448697d4e3c974efd0059343693f63f","messageTitle":"FIx UG bug in summary section","messageBody":"","fileTypesAndContributionMap":{"docs":{"insertions":1,"deletions":1}}},{"hash":"b0e454813e4db1fca75d917466575541567568c9","messageTitle":"Revert \"FIx UG bug in summary section\"","messageBody":"This reverts commit 8b5dbf950448697d4e3c974efd0059343693f63f.\n","fileTypesAndContributionMap":{"docs":{"insertions":1,"deletions":1}}},{"hash":"90cd0b91db1fb6bc9ef2df0c3e1fa051af0ba112","messageTitle":"Fix UG bug for summary section","messageBody":"","fileTypesAndContributionMap":{"docs":{"insertions":1,"deletions":1}}},{"hash":"7ffe65159e0c71d5444530762bf8e8ef0a71ed24","messageTitle":"Fix bug with date of birth validation","messageBody":"","fileTypesAndContributionMap":{"functional-code":{"insertions":1,"deletions":1}}}]}],"Chenduo1412":[{"date":"2021-02-16","commitResults":[{"hash":"88a8f0b895fe893cccccee9e600e388a5ab88426","messageTitle":"Add Photo and update DG \u0026 UG","messageBody":"","fileTypesAndContributionMap":{"docs":{"insertions":8,"deletions":0}}}]},{"date":"2021-02-17","commitResults":[{"hash":"47c578ba12032bc875cbf35d21fef01c9088c4f7","messageTitle":"no message","messageBody":"","fileTypesAndContributionMap":{"docs":{"insertions":9,"deletions":9}}}]},{"date":"2021-03-03","commitResults":[{"hash":"29f5351efa12f742b6e4fbc69db7437353988fef","messageTitle":"update the user story for the report function","messageBody":"","fileTypesAndContributionMap":{"docs":{"insertions":1,"deletions":0}}}]},{"date":"2021-03-05","commitResults":[{"hash":"fa789b4b26bfd3217ed2f4c01f8a0814579eb1f2","messageTitle":"add UG for stats command.","messageBody":"","fileTypesAndContributionMap":{"docs":{"insertions":6,"deletions":0}}}]},{"date":"2021-03-17","commitResults":[{"hash":"687564ffa7b4b03d6ee590bc1546689f8e86eedc","messageTitle":"Add stats command and report functions","messageBody":"","fileTypesAndContributionMap":{"functional-code":{"insertions":321,"deletions":12}}}]},{"date":"2021-03-18","commitResults":[{"hash":"75b9405e890044b74339385b23cd2b28b785c7ac","messageTitle":"update some gradle failure","messageBody":"","fileTypesAndContributionMap":{"functional-code":{"insertions":71,"deletions":167}}},{"hash":"1aa355970df6684322ab8519a8bd8e81aeb1a854","messageTitle":"Solve all the problem and pass the gradle test","messageBody":"","fileTypesAndContributionMap":{"functional-code":{"insertions":25,"deletions":15},"test-code":{"insertions":5,"deletions":0}}},{"hash":"787dd27b4e257f4016fcd96eac06a8f26b8b3e96","messageTitle":"edit some statements and correct the wrong spell","messageBody":"","fileTypesAndContributionMap":{"functional-code":{"insertions":7,"deletions":7}}}]},{"date":"2021-03-20","commitResults":[{"hash":"7160a2d17679aeca85eca047ee79b108f0a9435b","messageTitle":"Add some Java Docs and edit the stats statements. Delete the extra newline under average tenure.","messageBody":"","fileTypesAndContributionMap":{"functional-code":{"insertions":25,"deletions":4}}}]},{"date":"2021-03-24","commitResults":[{"hash":"2e021f36b393fc74f1c6ebdd1076fd36dff9dd25","messageTitle":"add stats user guide.","messageBody":"","fileTypesAndContributionMap":{"docs":{"insertions":8,"deletions":1}}}]},{"date":"2021-03-25","commitResults":[{"hash":"76294aad45bbd7c2409e134c8f9c4c986043641b","messageTitle":"edit stats ug","messageBody":"","fileTypesAndContributionMap":{"docs":{"insertions":2,"deletions":2}}}]},{"date":"2021-03-30","commitResults":[{"hash":"c39a5df875fe4e9bdf3b7cff9cff1b43a14a827c","messageTitle":"edit the stats logic to show several employees who have same highest/lowest Salary and tenure.","messageBody":"","fileTypesAndContributionMap":{"functional-code":{"insertions":29,"deletions":21}}},{"hash":"d750a2cc8daef22af65dab2ca344446941b9a1fd","messageTitle":"edit stats logic to show several employees who has same highest/lowest salary","messageBody":"","fileTypesAndContributionMap":{"functional-code":{"insertions":4,"deletions":4}}},{"hash":"0b5acae4aec6127273d8406ee0d91552552e25b4","messageTitle":"edit stats logic to show several employees who has same highest/lowest salary","messageBody":"","fileTypesAndContributionMap":{"functional-code":{"insertions":6,"deletions":6}}}]}]},"authorFileTypeContributionMap":{"daiweinus":{"docs":133,"functional-code":131,"test-code":134},"dgc5213":{"docs":84,"functional-code":145,"test-code":323},"e0260222":{"docs":261,"functional-code":1457,"test-code":1752,"other":6},"Chenduo1412":{"docs":12,"functional-code":264,"test-code":5}},"authorContributionVariance":{"daiweinus":1754.4985,"dgc5213":66738.19,"e0260222":276582.2,"Chenduo1412":4017.6658},"authorDisplayNameMap":{"daiweinus":"TIC4002-F18-2 DAI .. WEI","dgc5213":"TIC4002-F18-2 LIN ..TONG","e0260222":"TIC4002-F18-2 CHAN..HONG","Chenduo1412":"TIC4002-F18-2 CHEN.. DUO"}}
