{"authorDailyContributionsMap":{"linqing42":[{"date":"2021-02-16","commitResults":[{"hash":"db58c692ca7ffbfd93df96fda8a561cb3763ff66","messageTitle":"add NRIC in editCommand and AddCommand, edit PersonBuilder, exception for NRIC, IcTest","messageBody":"","fileTypesAndContributionMap":{"functional-code":{"insertions":186,"deletions":59},"docs":{"insertions":5,"deletions":5},"test-code":{"insertions":78,"deletions":10}}},{"hash":"18b5fac0b3a1fe5e5f833565759f2e9594094251","messageTitle":"update the CheckStyle and testcases","messageBody":"","fileTypesAndContributionMap":{"functional-code":{"insertions":69,"deletions":33},"test-code":{"insertions":155,"deletions":61}}},{"hash":"b55a2c92f520b5f95d38f803782ea84a7503153e","messageTitle":"update the CheckStyle and testcases","messageBody":"","fileTypesAndContributionMap":{"test-code":{"insertions":17,"deletions":17}}},{"hash":"800754dbac35659894ec884ed7c2e418238947fd","messageTitle":"update the CheckStyle and testcases","messageBody":"","fileTypesAndContributionMap":{"test-code":{"insertions":3,"deletions":2}}},{"hash":"09e2d40c91408a4069c4f0395f645b79202e8193","messageTitle":"Revert \"update the CheckStyle and testcases\"","messageBody":"This reverts commit 800754dbac35659894ec884ed7c2e418238947fd.\n","fileTypesAndContributionMap":{"test-code":{"insertions":2,"deletions":3}}},{"hash":"45420be2ee64b0283ffe365863ab1ee3d32c685d","messageTitle":"update the CheckStyle and testcases","messageBody":"","fileTypesAndContributionMap":{"test-code":{"insertions":2,"deletions":2}}},{"hash":"9d03254e7f0d2c94c36318ca52f4f60a9f664934","messageTitle":"update the CheckStyle and testcases","messageBody":"","fileTypesAndContributionMap":{"docs":{"insertions":26,"deletions":20}}}]},{"date":"2021-02-17","commitResults":[{"hash":"5720199d60a7dd3cb124df46556856f2e65da626","messageTitle":"add NRIC show in app","messageBody":"","fileTypesAndContributionMap":{"functional-code":{"insertions":7,"deletions":0}}},{"hash":"66bd69152821cde9491f172333aed676b117863e","messageTitle":"update","messageBody":"","fileTypesAndContributionMap":{"docs":{"insertions":2,"deletions":1}}},{"hash":"0205d740543845c2363340c34cbcad9d146178a3","messageTitle":"update","messageBody":"","fileTypesAndContributionMap":{"functional-code":{"insertions":1,"deletions":1}}},{"hash":"729ffb419fa4da14d839b4678011e4966fd503c4","messageTitle":"update AboutUs.md","messageBody":"","fileTypesAndContributionMap":{"docs":{"insertions":50,"deletions":4}}}]},{"date":"2021-02-20","commitResults":[{"hash":"383872244331434bf3eec075802de4daabf1c5ad","messageTitle":"Update AboutUs.md","messageBody":"","fileTypesAndContributionMap":{"docs":{"insertions":5,"deletions":5}}},{"hash":"90bd6334f1636a7584954851134bbee5ce13202a","messageTitle":"add linqing.md","messageBody":"","fileTypesAndContributionMap":{"docs":{"insertions":46,"deletions":0}}},{"hash":"448b0477efe436aa29a9ff052395cdecca57fa3a","messageTitle":"update UG","messageBody":"","fileTypesAndContributionMap":{"docs":{"insertions":7,"deletions":8}}}]},{"date":"2021-02-21","commitResults":[{"hash":"b949648b9b9066d9e6ca12e34a0c3a901bc0744f","messageTitle":"update UG","messageBody":"","fileTypesAndContributionMap":{"docs":{"insertions":4,"deletions":3}}},{"hash":"0f468326169c328cfdc74cdb26e3fb70d13076ed","messageTitle":"update UG","messageBody":"","fileTypesAndContributionMap":{"docs":{"insertions":4,"deletions":4}}},{"hash":"e8cd755704c1c9df725da8f44938b3d7c2566000","messageTitle":"update UG","messageBody":"","fileTypesAndContributionMap":{"docs":{"insertions":9,"deletions":9}}}]}],"Yiheng0410":[{"date":"2021-02-21","commitResults":[{"hash":"44d1dccd4043dd8d29164ee125684adcd5507f17","messageTitle":"Update About Us","messageBody":"","fileTypesAndContributionMap":{"docs":{"insertions":50,"deletions":4}}},{"hash":"9f7726fcda8941a744f4a1d30eb7b22c419bfa8e","messageTitle":"Update UG.","messageBody":"","fileTypesAndContributionMap":{"docs":{"insertions":4,"deletions":0}}}]}],"Impala36":[{"date":"2021-02-20","commitResults":[{"hash":"fc910395444c90bc34df4d5472191e1865cea458","messageTitle":"Update DeveloperGuide.md","messageBody":"Also added profile picture and PPP\n","fileTypesAndContributionMap":{"docs":{"insertions":161,"deletions":76}}}]},{"date":"2021-02-21","commitResults":[{"hash":"f33cb06f6bc8c24a7069b08229bd12970b04b1d2","messageTitle":"Update DeveloperGuide.md","messageBody":"","fileTypesAndContributionMap":{"docs":{"insertions":3,"deletions":4}}},{"hash":"3160406738fff33970c11d09f38ba99cd3fd6c9d","messageTitle":"Rename profile photo","messageBody":"","fileTypesAndContributionMap":{"docs":{"insertions":1,"deletions":1}}}]}],"binbinhui":[{"date":"2021-02-19","commitResults":[{"hash":"06ce81ca421bc0947ae91836335454a72fd47f2e","messageTitle":"Update UserGuide.md","messageBody":"","fileTypesAndContributionMap":{"docs":{"insertions":1,"deletions":1}}},{"hash":"77c5ceb6396c61b6038ccae7d1b94d963f7a7864","messageTitle":"Update UserGuide.md","messageBody":"","fileTypesAndContributionMap":{"docs":{"insertions":5,"deletions":5}}}]},{"date":"2021-02-21","commitResults":[{"hash":"d7ca741595c8d0c840f26f08593afb39e7c45087","messageTitle":"Update AboutUs.md","messageBody":"Update binhui doc","fileTypesAndContributionMap":{"docs":{"insertions":5,"deletions":5}}},{"hash":"4028faae531d838b6761aee96fcb0d3091c7ae68","messageTitle":"Update UserGuide.md","messageBody":"Update UserGuide.md for find","fileTypesAndContributionMap":{"docs":{"insertions":1,"deletions":1}}}]}]},"authorFileTypeContributionMap":{"linqing42":{"docs":59,"functional-code":196,"test-code":213},"Yiheng0410":{"docs":53,"functional-code":0,"test-code":0},"Impala36":{"docs":126,"functional-code":3,"test-code":1},"binbinhui":{"docs":6,"functional-code":0,"test-code":0}},"authorContributionVariance":{"linqing42":49494.85,"Yiheng0410":302.76,"Impala36":5019.84,"binbinhui":23.04},"authorDisplayNameMap":{"linqing42":"TIC4002-F18-1 LIN ..QING","Yiheng0410":"TIC4002-F18-1 ZHEN..HENG","Impala36":"TIC4002-F18-1 WANG..QUAN","binbinhui":"TIC4002-F18-1 LIN ..NHUI"}}
