{"authorDailyContributionsMap":{"linqing42":[{"date":"2021-02-16","commitResults":[{"hash":"db58c692ca7ffbfd93df96fda8a561cb3763ff66","messageTitle":"add NRIC in editCommand and AddCommand, edit PersonBuilder, exception for NRIC, IcTest","messageBody":"","fileTypesAndContributionMap":{"functional-code":{"insertions":186,"deletions":59},"docs":{"insertions":5,"deletions":5},"test-code":{"insertions":78,"deletions":10}}},{"hash":"18b5fac0b3a1fe5e5f833565759f2e9594094251","messageTitle":"update the CheckStyle and testcases","messageBody":"","fileTypesAndContributionMap":{"functional-code":{"insertions":69,"deletions":33},"test-code":{"insertions":155,"deletions":61}}},{"hash":"b55a2c92f520b5f95d38f803782ea84a7503153e","messageTitle":"update the CheckStyle and testcases","messageBody":"","fileTypesAndContributionMap":{"test-code":{"insertions":17,"deletions":17}}},{"hash":"800754dbac35659894ec884ed7c2e418238947fd","messageTitle":"update the CheckStyle and testcases","messageBody":"","fileTypesAndContributionMap":{"test-code":{"insertions":3,"deletions":2}}},{"hash":"09e2d40c91408a4069c4f0395f645b79202e8193","messageTitle":"Revert \"update the CheckStyle and testcases\"","messageBody":"This reverts commit 800754dbac35659894ec884ed7c2e418238947fd.\n","fileTypesAndContributionMap":{"test-code":{"insertions":2,"deletions":3}}},{"hash":"45420be2ee64b0283ffe365863ab1ee3d32c685d","messageTitle":"update the CheckStyle and testcases","messageBody":"","fileTypesAndContributionMap":{"test-code":{"insertions":2,"deletions":2}}},{"hash":"9d03254e7f0d2c94c36318ca52f4f60a9f664934","messageTitle":"update the CheckStyle and testcases","messageBody":"","fileTypesAndContributionMap":{"docs":{"insertions":26,"deletions":20}}}]},{"date":"2021-02-17","commitResults":[{"hash":"5720199d60a7dd3cb124df46556856f2e65da626","messageTitle":"add NRIC show in app","messageBody":"","fileTypesAndContributionMap":{"functional-code":{"insertions":7,"deletions":0}}},{"hash":"66bd69152821cde9491f172333aed676b117863e","messageTitle":"update","messageBody":"","fileTypesAndContributionMap":{"docs":{"insertions":2,"deletions":1}}},{"hash":"0205d740543845c2363340c34cbcad9d146178a3","messageTitle":"update","messageBody":"","fileTypesAndContributionMap":{"functional-code":{"insertions":1,"deletions":1}}},{"hash":"729ffb419fa4da14d839b4678011e4966fd503c4","messageTitle":"update AboutUs.md","messageBody":"","fileTypesAndContributionMap":{"docs":{"insertions":50,"deletions":4}}}]},{"date":"2021-02-20","commitResults":[{"hash":"383872244331434bf3eec075802de4daabf1c5ad","messageTitle":"Update AboutUs.md","messageBody":"","fileTypesAndContributionMap":{"docs":{"insertions":5,"deletions":5}}},{"hash":"90bd6334f1636a7584954851134bbee5ce13202a","messageTitle":"add linqing.md","messageBody":"","fileTypesAndContributionMap":{"docs":{"insertions":46,"deletions":0}}},{"hash":"448b0477efe436aa29a9ff052395cdecca57fa3a","messageTitle":"update UG","messageBody":"","fileTypesAndContributionMap":{"docs":{"insertions":7,"deletions":8}}}]},{"date":"2021-02-21","commitResults":[{"hash":"b949648b9b9066d9e6ca12e34a0c3a901bc0744f","messageTitle":"update UG","messageBody":"","fileTypesAndContributionMap":{"docs":{"insertions":4,"deletions":3}}},{"hash":"0f468326169c328cfdc74cdb26e3fb70d13076ed","messageTitle":"update UG","messageBody":"","fileTypesAndContributionMap":{"docs":{"insertions":4,"deletions":4}}},{"hash":"e8cd755704c1c9df725da8f44938b3d7c2566000","messageTitle":"update UG","messageBody":"","fileTypesAndContributionMap":{"docs":{"insertions":9,"deletions":9}}}]},{"date":"2021-02-22","commitResults":[{"hash":"e2041e9ef1d7f117800e343535ba4c96a05aa0b4","messageTitle":"replace IC code to NRIC and fix addcommand message","messageBody":"","fileTypesAndContributionMap":{"functional-code":{"insertions":71,"deletions":69},"other":{"insertions":10,"deletions":11},"docs":{"insertions":1,"deletions":1},"test-code":{"insertions":148,"deletions":144}}}]},{"date":"2021-02-23","commitResults":[{"hash":"e95d4430a68b8a62b6101abbf088240d565f8822","messageTitle":"Update UserGuide.md","messageBody":"","fileTypesAndContributionMap":{"docs":{"insertions":1,"deletions":0}}}]},{"date":"2021-03-03","commitResults":[{"hash":"11f20a298942045da53203698e3933cf3785bac8","messageTitle":"update DeveloperGuide.md and UserGuide.md","messageBody":"","fileTypesAndContributionMap":{"docs":{"insertions":4,"deletions":1}}}]}],"Yiheng0410":[{"date":"2021-02-21","commitResults":[{"hash":"44d1dccd4043dd8d29164ee125684adcd5507f17","messageTitle":"Update About Us","messageBody":"","fileTypesAndContributionMap":{"docs":{"insertions":50,"deletions":4}}},{"hash":"9f7726fcda8941a744f4a1d30eb7b22c419bfa8e","messageTitle":"Update UG.","messageBody":"","fileTypesAndContributionMap":{"docs":{"insertions":4,"deletions":0}}}]},{"date":"2021-03-03","commitResults":[{"hash":"c3242d7a698196018b51fdf88480d1837926f425","messageTitle":"Add in date","messageBody":"","fileTypesAndContributionMap":{"functional-code":{"insertions":138,"deletions":22},"test-code":{"insertions":136,"deletions":53}}}]},{"date":"2021-03-05","commitResults":[{"hash":"e41d9064af9fcedf3b23db0340cfe0a4f5d2f67a","messageTitle":"Update UG","messageBody":"","fileTypesAndContributionMap":{"functional-code":{"insertions":1,"deletions":1},"docs":{"insertions":13,"deletions":9}}},{"hash":"c1e79b7c41fce0a26f2b7cd65ab2fabd5e590fa9","messageTitle":"Update UG","messageBody":"","fileTypesAndContributionMap":{"docs":{"insertions":1,"deletions":1}}},{"hash":"7a1b0c74fb679cadf1a67a8a36f982d637bf6f36","messageTitle":"Update UG","messageBody":"","fileTypesAndContributionMap":{"docs":{"insertions":1,"deletions":1}}},{"hash":"84950f1271bcf428891d9c37fdabff72ca34a328","messageTitle":"Update UG","messageBody":"","fileTypesAndContributionMap":{"docs":{"insertions":5,"deletions":4}}}]}],"Impala36":[],"binbinhui":[{"date":"2021-02-19","commitResults":[{"hash":"06ce81ca421bc0947ae91836335454a72fd47f2e","messageTitle":"Update UserGuide.md","messageBody":"","fileTypesAndContributionMap":{"docs":{"insertions":1,"deletions":1}}},{"hash":"77c5ceb6396c61b6038ccae7d1b94d963f7a7864","messageTitle":"Update UserGuide.md","messageBody":"","fileTypesAndContributionMap":{"docs":{"insertions":5,"deletions":5}}}]},{"date":"2021-02-20","commitResults":[{"hash":"fc910395444c90bc34df4d5472191e1865cea458","messageTitle":"Update DeveloperGuide.md","messageBody":"Also added profile picture and PPP\n","fileTypesAndContributionMap":{"docs":{"insertions":161,"deletions":76}}}]},{"date":"2021-02-21","commitResults":[{"hash":"f33cb06f6bc8c24a7069b08229bd12970b04b1d2","messageTitle":"Update DeveloperGuide.md","messageBody":"","fileTypesAndContributionMap":{"docs":{"insertions":3,"deletions":4}}},{"hash":"d7ca741595c8d0c840f26f08593afb39e7c45087","messageTitle":"Update AboutUs.md","messageBody":"Update binhui doc","fileTypesAndContributionMap":{"docs":{"insertions":5,"deletions":5}}},{"hash":"4028faae531d838b6761aee96fcb0d3091c7ae68","messageTitle":"Update UserGuide.md","messageBody":"Update UserGuide.md for find","fileTypesAndContributionMap":{"docs":{"insertions":1,"deletions":1}}},{"hash":"3160406738fff33970c11d09f38ba99cd3fd6c9d","messageTitle":"Rename profile photo","messageBody":"","fileTypesAndContributionMap":{"docs":{"insertions":1,"deletions":1}}}]},{"date":"2021-02-22","commitResults":[{"hash":"0b366b40fa85174a97b183a085d89cffe38518e2","messageTitle":"Update  AboutUs.md","messageBody":"AboutUs.md update photo name","fileTypesAndContributionMap":{"docs":{"insertions":1,"deletions":1}}}]},{"date":"2021-02-23","commitResults":[{"hash":"cb78fb0ede28f61521e238ba4c3ecf1cda18be5e","messageTitle":"Rename profile photo","messageBody":"Previously renamed the wrong file.\n","fileTypesAndContributionMap":{"docs":{"insertions":1,"deletions":1}}},{"hash":"02af5e85d7f0d618c3574ba00cd0eede2a7c98f5","messageTitle":"Advance find able to find all types in the database.","messageBody":"","fileTypesAndContributionMap":{"functional-code":{"insertions":39,"deletions":8}}},{"hash":"76822c35848a38e45098fede40ff86341f3557f2","messageTitle":"Update NameContainsKeywordsPredicate","messageBody":"Update Nric","fileTypesAndContributionMap":{"functional-code":{"insertions":1,"deletions":1}}}]},{"date":"2021-02-28","commitResults":[{"hash":"ff66c371baa3e27bcad332f671fa0408ea988f62","messageTitle":"fixed the find bug","messageBody":"","fileTypesAndContributionMap":{"functional-code":{"insertions":7,"deletions":2},"test-code":{"insertions":1,"deletions":1}}},{"hash":"fc7612813a2357bf674f864533b793594a5f0d11","messageTitle":"adding send command","messageBody":"","fileTypesAndContributionMap":{"functional-code":{"insertions":169,"deletions":1},"other":{"insertions":5,"deletions":0}}},{"hash":"26d635c576bf88f16bc8816bfaf12a8e7531ed7b","messageTitle":"Update NameContainsKeywordsPredicate.java","messageBody":"","fileTypesAndContributionMap":{"functional-code":{"insertions":1,"deletions":1}}},{"hash":"2898e1b5a3b4fbbc0434e8c0e60ab7122e2ce86d","messageTitle":"Update UserGuide.md","messageBody":"Update send command","fileTypesAndContributionMap":{"docs":{"insertions":11,"deletions":0}}},{"hash":"205493d065e682df5a9e45d90a907cbfae5d57b5","messageTitle":"Update SendEmail.java","messageBody":"Update msg","fileTypesAndContributionMap":{"functional-code":{"insertions":3,"deletions":3}}}]},{"date":"2021-03-04","commitResults":[{"hash":"f81483b2fd45519ea7c642faa7d148b3cb70c255","messageTitle":"Fixed the send if the range is out of the list","messageBody":"","fileTypesAndContributionMap":{"functional-code":{"insertions":8,"deletions":4}}}]},{"date":"2021-03-05","commitResults":[{"hash":"59a6faa99be38a17287ae84f20abb0de3369b20e","messageTitle":"Update README.md","messageBody":"","fileTypesAndContributionMap":{"docs":{"insertions":1,"deletions":1}}}]}]},"authorFileTypeContributionMap":{"linqing42":{"docs":59,"functional-code":177,"test-code":173},"Yiheng0410":{"docs":66,"functional-code":139,"test-code":136},"Impala36":{"docs":0,"functional-code":0,"test-code":0},"binbinhui":{"docs":143,"functional-code":218,"test-code":2,"other":5}},"authorContributionVariance":{"linqing42":31829.273,"Yiheng0410":5344.2393,"Impala36":0.0,"binbinhui":4008.1409},"authorDisplayNameMap":{"linqing42":"TIC4002-F18-1 LIN ..QING","Yiheng0410":"TIC4002-F18-1 ZHEN..HENG","Impala36":"TIC4002-F18-1 WANG..QUAN","binbinhui":"TIC4002-F18-1 LIN ..NHUI"}}
