{"repoSenseVersion":"8c052946ce","reportGeneratedTime":"Wed Mar 24 08:45:36 2021 UTC+08:00","reportGenerationTime":" 13.33 second(s)","zoneId":"UTC+08:00","reportTitle":"RepoSense Report","repos":[{"location":{"location":"https://github.com/AY2021S2-TIC4002-F18-3/tp2.git","repoName":"tp2","organization":"AY2021S2-TIC4002-F18-3"},"branch":"master","displayName":"AY2021S2-TIC4002-F18-3/tp2[master]","outputFolderName":"AY2021S2-TIC4002-F18-3_tp2_master"},{"location":{"location":"https://github.com/AY2021S2-TIC4002-F18-1/tp2.git","repoName":"tp2","organization":"AY2021S2-TIC4002-F18-1"},"branch":"master","displayName":"AY2021S2-TIC4002-F18-1/tp2[master]","outputFolderName":"AY2021S2-TIC4002-F18-1_tp2_master"},{"location":{"location":"https://github.com/AY2021S2-TIC4002-F18-4/tp2.git","repoName":"tp2","organization":"AY2021S2-TIC4002-F18-4"},"branch":"master","displayName":"AY2021S2-TIC4002-F18-4/tp2[master]","outputFolderName":"AY2021S2-TIC4002-F18-4_tp2_master"},{"location":{"location":"https://github.com/AY2021S2-TIC4002-F18-2/tp2.git","repoName":"tp2","organization":"AY2021S2-TIC4002-F18-2"},"branch":"master","displayName":"AY2021S2-TIC4002-F18-2/tp2[master]","outputFolderName":"AY2021S2-TIC4002-F18-2_tp2_master"}],"errorList":[],"sinceDate":"2021-02-12","untilDate":"2021-03-24","isSinceDateProvided":true,"isUntilDateProvided":false}
