{"authorDailyContributionsMap":{"Chilaiping":[{"date":"2021-02-27","commitResults":[{"hash":"9e4e5c1547e6643992cb91c02246838ad670546e","messageTitle":"Updated Glossary Section in DG","messageBody":"","fileTypesAndContributionMap":{"docs":{"insertions":4,"deletions":0}}}]},{"date":"2021-02-28","commitResults":[{"hash":"e5f4b9057346acabcbab2f5839302963cf4adf74","messageTitle":"Updated Edit Command in UG","messageBody":"","fileTypesAndContributionMap":{"docs":{"insertions":6,"deletions":4}}}]},{"date":"2021-03-12","commitResults":[{"hash":"0f5c0a06bc2dce70e16e23a4afcf04bcb35e5b80","messageTitle":"Adding View Medical Record","messageBody":"","fileTypesAndContributionMap":{"functional-code":{"insertions":87,"deletions":0}}},{"hash":"bfe8536b4ff276664a6aa9d3bec0c234f14b6a88","messageTitle":"Fixed checkStyle issue","messageBody":"","fileTypesAndContributionMap":{"functional-code":{"insertions":3,"deletions":2}}}]}],"skyventus":[{"date":"2021-02-15","commitResults":[{"hash":"f7ec7aa1276beef955f3a83cdc5a6eb45163131a","messageTitle":"removing address fields","messageBody":"","fileTypesAndContributionMap":{"functional-code":{"insertions":24,"deletions":134},"test-code":{"insertions":12,"deletions":117}}}]},{"date":"2021-02-24","commitResults":[{"hash":"57324b1e07e182aba76eaea8999610e97a12af40","messageTitle":"[added - appointment field to Person.java] updated all the rest of the affects files during this refactoring.","messageBody":"","fileTypesAndContributionMap":{"functional-code":{"insertions":222,"deletions":16},"test-code":{"insertions":34,"deletions":12}}}]},{"date":"2021-02-27","commitResults":[{"hash":"018d6c26f2f3932d43e018709a0df0f72a17379a","messageTitle":"[Fixed the appointment bug during add and edit] [edited UG and DG]","messageBody":"","fileTypesAndContributionMap":{"functional-code":{"insertions":105,"deletions":7},"docs":{"insertions":7,"deletions":5},"test-code":{"insertions":49,"deletions":10}}}]},{"date":"2021-03-09","commitResults":[{"hash":"5589619e2c8caa387d3f6c1b755ed4ae209e72e5","messageTitle":"[updated read me and remove AB3 stuff]","messageBody":"","fileTypesAndContributionMap":{"docs":{"insertions":5,"deletions":6}}},{"hash":"eefed7a3d3dfa3da7514bddfd7dfd4b48e22cd55","messageTitle":"[Added test cases for viewAppointmentCommand and its parsers]","messageBody":"","fileTypesAndContributionMap":{"docs":{"insertions":6,"deletions":5},"test-code":{"insertions":118,"deletions":0}}},{"hash":"0a23f2abf7eacf45fc959ac2b04271513e3e0156","messageTitle":"[Proper Readme]","messageBody":"","fileTypesAndContributionMap":{"docs":{"insertions":5,"deletions":6}}}]}],"timmyly7":[{"date":"2021-02-23","commitResults":[{"hash":"bd674020436819d7a22534e1818b76a32d9f5cfd","messageTitle":"Testing Code","messageBody":"","fileTypesAndContributionMap":{"functional-code":{"insertions":178,"deletions":1}}}]},{"date":"2021-03-02","commitResults":[{"hash":"a2f9153c2b8ce85d1670ce5a305685977c6fbe7a","messageTitle":"Update UG and add new feature for view appointment","messageBody":"","fileTypesAndContributionMap":{"functional-code":{"insertions":90,"deletions":119},"other":{"insertions":8,"deletions":16},"docs":{"insertions":1,"deletions":1},"test-code":{"insertions":5,"deletions":0}}}]},{"date":"2021-03-05","commitResults":[{"hash":"040adc50d8ad4c54bffedce906fab277bcc570e3","messageTitle":"Update UG and add new feature for view appointment","messageBody":"","fileTypesAndContributionMap":{"functional-code":{"insertions":45,"deletions":45},"docs":{"insertions":43,"deletions":44},"test-code":{"insertions":6,"deletions":6}}}]},{"date":"2021-03-07","commitResults":[{"hash":"b4107843d39a356cbbb1dc3d38b8efc898656b2d","messageTitle":"Update UG DG readme","messageBody":"","fileTypesAndContributionMap":{"docs":{"insertions":12,"deletions":12}}}]},{"date":"2021-03-14","commitResults":[{"hash":"292eb46c9a524f22a3c0bda916fded33e0d02d26","messageTitle":"Update new features for medical history","messageBody":"","fileTypesAndContributionMap":{"functional-code":{"insertions":303,"deletions":48},"test-code":{"insertions":20,"deletions":12}}}]}],"adi-kd0021":[{"date":"2021-02-24","commitResults":[{"hash":"49942ddc4e1724f7b42a3cf04f28d93e4b985b1e","messageTitle":"Update md","messageBody":"","fileTypesAndContributionMap":{"docs":{"insertions":11,"deletions":51}}},{"hash":"8df1efee1d95292ccaac9230fc5442401ade4bf0","messageTitle":"Update AboutUs.md","messageBody":"","fileTypesAndContributionMap":{"docs":{"insertions":1,"deletions":1}}}]},{"date":"2021-03-09","commitResults":[{"hash":"2f54227cd1a0c84652e0619aad52e3f2b0a5dc20","messageTitle":"Update DeveloperGuide.md","messageBody":"","fileTypesAndContributionMap":{"docs":{"insertions":35,"deletions":3}}}]},{"date":"2021-03-12","commitResults":[{"hash":"23661bfbfa19d0bca67276ff543a24132d71e3e2","messageTitle":"Update Logic Update LogicManager Update Person Update Model Add MedicalHistory","messageBody":"","fileTypesAndContributionMap":{"functional-code":{"insertions":102,"deletions":3}}},{"hash":"2503b3ec21fc7c1a8fcb2cf649d358bf7ce6b909","messageTitle":"Fix checkstyleTest","messageBody":"","fileTypesAndContributionMap":{"test-code":{"insertions":5,"deletions":0}}}]}],"e0261618":[{"date":"2021-02-26","commitResults":[{"hash":"8daf48fd01263d8d87b45e383d4d7f734ea6fe58","messageTitle":"Updated delete section for UG","messageBody":"","fileTypesAndContributionMap":{"docs":{"insertions":9,"deletions":38}}},{"hash":"9da9e2e0f54a22da55d9183074cf4da4fd94c589","messageTitle":"Updated userstories section","messageBody":"","fileTypesAndContributionMap":{"docs":{"insertions":14,"deletions":10}}}]},{"date":"2021-03-11","commitResults":[{"hash":"d8ba7dc3c048e81ba5dbb58a33379cf637339fcb","messageTitle":"added use case and updated dg","messageBody":"","fileTypesAndContributionMap":{"docs":{"insertions":28,"deletions":4}}}]},{"date":"2021-03-16","commitResults":[{"hash":"0630a23d508045e5f3c168dcaf227bf133cc435d","messageTitle":"Enhancement For Appointment","messageBody":"","fileTypesAndContributionMap":{"functional-code":{"insertions":151,"deletions":28}}}]},{"date":"2021-03-17","commitResults":[{"hash":"9663b591749ba7fae74d4c92e7a6094e9e2bc6a0","messageTitle":"Fix check style","messageBody":"","fileTypesAndContributionMap":{"functional-code":{"insertions":17,"deletions":21}}},{"hash":"a83f02444aab0a68bb6af4efc3c0e71123f31565","messageTitle":"Fix check style again","messageBody":"","fileTypesAndContributionMap":{"functional-code":{"insertions":13,"deletions":17}}},{"hash":"731657a28284d1727336af65bfa7df53d723c9fa","messageTitle":"Remove irrelevant test cases","messageBody":"","fileTypesAndContributionMap":{"test-code":{"insertions":8,"deletions":47}}},{"hash":"b8df0b89c412954e17d30fbf5c54409b52a2c3fb","messageTitle":"fix test cases","messageBody":"","fileTypesAndContributionMap":{"test-code":{"insertions":4,"deletions":44}}}]}]},"authorFileTypeContributionMap":{"Chilaiping":{"docs":9,"functional-code":87,"test-code":0},"skyventus":{"docs":11,"functional-code":237,"test-code":62},"timmyly7":{"docs":53,"functional-code":459,"test-code":28},"adi-kd0021":{"docs":37,"functional-code":93,"test-code":5},"e0261618":{"docs":39,"functional-code":156,"test-code":4}},"authorContributionVariance":{"Chilaiping":242.63324,"skyventus":5741.9424,"timmyly7":7127.243,"adi-kd0021":479.94467,"e0261618":1803.2777},"authorDisplayNameMap":{"Chilaiping":"TIC4002-F18-4 CHI ..PING","skyventus":"TIC4002-F18-4 OLIV..N DA","timmyly7":"TIC4002-F18-4 LI Y..I YI","adi-kd0021":"TIC4002-F18-4 ADI ..KARI","e0261618":"TIC4002-F18-4 HNGO.. WEN"}}
