{"authorDailyContributionsMap":{"Chilaiping":[],"skyventus":[{"date":"2021-02-24","commitResults":[{"hash":"57324b1e07e182aba76eaea8999610e97a12af40","messageTitle":"[added - appointment field to Person.java] updated all the rest of the affects files during this refactoring.","messageBody":"","fileTypesAndContributionMap":{"functional-code":{"insertions":222,"deletions":16},"test-code":{"insertions":34,"deletions":12}}}]}],"timmyly7":[],"adi-kd0021":[{"date":"2021-02-24","commitResults":[{"hash":"49942ddc4e1724f7b42a3cf04f28d93e4b985b1e","messageTitle":"Update md","messageBody":"","fileTypesAndContributionMap":{"docs":{"insertions":11,"deletions":51}}},{"hash":"8df1efee1d95292ccaac9230fc5442401ade4bf0","messageTitle":"Update AboutUs.md","messageBody":"","fileTypesAndContributionMap":{"docs":{"insertions":1,"deletions":1}}}]}],"e0261618":[]},"authorFileTypeContributionMap":{"Chilaiping":{"docs":0,"functional-code":0,"test-code":0},"skyventus":{"docs":0,"functional-code":237,"test-code":34},"timmyly7":{"docs":0,"functional-code":0,"test-code":0},"adi-kd0021":{"docs":11,"functional-code":0,"test-code":0},"e0261618":{"docs":0,"functional-code":0,"test-code":0}},"authorContributionVariance":{"Chilaiping":0.0,"skyventus":5727.0527,"timmyly7":0.0,"adi-kd0021":290.84024,"e0261618":0.0},"authorDisplayNameMap":{"Chilaiping":"TIC4002-F18-4 CHI ..PING","skyventus":"TIC4002-F18-4 OLIV..N DA","timmyly7":"TIC4002-F18-4 LI Y..I YI","adi-kd0021":"TIC4002-F18-4 ADI ..KARI","e0261618":"TIC4002-F18-4 HNGO.. WEN"}}
