{"authorDailyContributionsMap":{"Chilaiping":[{"date":"2021-02-27","commitResults":[{"hash":"9e4e5c1547e6643992cb91c02246838ad670546e","messageTitle":"Updated Glossary Section in DG","messageBody":"","fileTypesAndContributionMap":{"docs":{"insertions":4,"deletions":0}}}]},{"date":"2021-02-28","commitResults":[{"hash":"e5f4b9057346acabcbab2f5839302963cf4adf74","messageTitle":"Updated Edit Command in UG","messageBody":"","fileTypesAndContributionMap":{"docs":{"insertions":6,"deletions":4}}}]}],"skyventus":[{"date":"2021-02-15","commitResults":[{"hash":"f7ec7aa1276beef955f3a83cdc5a6eb45163131a","messageTitle":"removing address fields","messageBody":"","fileTypesAndContributionMap":{"functional-code":{"insertions":24,"deletions":134},"test-code":{"insertions":12,"deletions":117}}}]},{"date":"2021-02-24","commitResults":[{"hash":"57324b1e07e182aba76eaea8999610e97a12af40","messageTitle":"[added - appointment field to Person.java] updated all the rest of the affects files during this refactoring.","messageBody":"","fileTypesAndContributionMap":{"functional-code":{"insertions":222,"deletions":16},"test-code":{"insertions":34,"deletions":12}}}]},{"date":"2021-02-27","commitResults":[{"hash":"018d6c26f2f3932d43e018709a0df0f72a17379a","messageTitle":"[Fixed the appointment bug during add and edit] [edited UG and DG]","messageBody":"","fileTypesAndContributionMap":{"functional-code":{"insertions":105,"deletions":7},"docs":{"insertions":7,"deletions":5},"test-code":{"insertions":49,"deletions":10}}}]}],"timmyly7":[{"date":"2021-02-23","commitResults":[{"hash":"bd674020436819d7a22534e1818b76a32d9f5cfd","messageTitle":"Testing Code","messageBody":"","fileTypesAndContributionMap":{"functional-code":{"insertions":178,"deletions":1}}}]},{"date":"2021-03-02","commitResults":[{"hash":"a2f9153c2b8ce85d1670ce5a305685977c6fbe7a","messageTitle":"Update UG and add new feature for view appointment","messageBody":"","fileTypesAndContributionMap":{"functional-code":{"insertions":90,"deletions":119},"other":{"insertions":8,"deletions":16},"docs":{"insertions":1,"deletions":1},"test-code":{"insertions":5,"deletions":0}}}]},{"date":"2021-03-05","commitResults":[{"hash":"040adc50d8ad4c54bffedce906fab277bcc570e3","messageTitle":"Update UG and add new feature for view appointment","messageBody":"","fileTypesAndContributionMap":{"functional-code":{"insertions":45,"deletions":45},"docs":{"insertions":43,"deletions":44},"test-code":{"insertions":6,"deletions":6}}}]},{"date":"2021-03-07","commitResults":[{"hash":"b4107843d39a356cbbb1dc3d38b8efc898656b2d","messageTitle":"Update UG DG readme","messageBody":"","fileTypesAndContributionMap":{"docs":{"insertions":12,"deletions":12}}}]}],"adi-kd0021":[{"date":"2021-02-24","commitResults":[{"hash":"49942ddc4e1724f7b42a3cf04f28d93e4b985b1e","messageTitle":"Update md","messageBody":"","fileTypesAndContributionMap":{"docs":{"insertions":11,"deletions":51}}},{"hash":"8df1efee1d95292ccaac9230fc5442401ade4bf0","messageTitle":"Update AboutUs.md","messageBody":"","fileTypesAndContributionMap":{"docs":{"insertions":1,"deletions":1}}}]}],"e0261618":[{"date":"2021-02-26","commitResults":[{"hash":"8daf48fd01263d8d87b45e383d4d7f734ea6fe58","messageTitle":"Updated delete section for UG","messageBody":"","fileTypesAndContributionMap":{"docs":{"insertions":9,"deletions":38}}},{"hash":"9da9e2e0f54a22da55d9183074cf4da4fd94c589","messageTitle":"Updated userstories section","messageBody":"","fileTypesAndContributionMap":{"docs":{"insertions":14,"deletions":10}}}]}]},"authorFileTypeContributionMap":{"Chilaiping":{"docs":9,"functional-code":0,"test-code":0},"skyventus":{"docs":6,"functional-code":258,"test-code":37},"timmyly7":{"docs":54,"functional-code":174,"test-code":11},"adi-kd0021":{"docs":11,"functional-code":0,"test-code":0},"e0261618":{"docs":19,"functional-code":0,"test-code":0}},"authorContributionVariance":{"Chilaiping":4.493056,"skyventus":7201.0737,"timmyly7":4553.9727,"adi-kd0021":163.55554,"e0261618":201.29},"authorDisplayNameMap":{"Chilaiping":"TIC4002-F18-4 CHI ..PING","skyventus":"TIC4002-F18-4 OLIV..N DA","timmyly7":"TIC4002-F18-4 LI Y..I YI","adi-kd0021":"TIC4002-F18-4 ADI ..KARI","e0261618":"TIC4002-F18-4 HNGO.. WEN"}}
