{"authorDailyContributionsMap":{"Chilaiping":[],"skyventus":[{"date":"2021-02-15","commitResults":[{"hash":"f7ec7aa1276beef955f3a83cdc5a6eb45163131a","messageTitle":"removing address fields","messageBody":"","fileTypesAndContributionMap":{"functional-code":{"insertions":24,"deletions":134},"test-code":{"insertions":12,"deletions":117}}}]},{"date":"2021-02-16","commitResults":[{"hash":"b52fcc489233cc4c2f42664f6fe52a04c740788e","messageTitle":"Added Remark Commands","messageBody":"","fileTypesAndContributionMap":{"functional-code":{"insertions":209,"deletions":44}}}]},{"date":"2021-02-19","commitResults":[{"hash":"157fa44acb81c3d40b5a37a17e601aa98ed7a2d0","messageTitle":"Added Remark Commands - Fixed all the test cases","messageBody":"","fileTypesAndContributionMap":{"functional-code":{"insertions":187,"deletions":155},"test-code":{"insertions":95,"deletions":90}}},{"hash":"a6036b1d7c1391bf0e05faa44b2887f0375aaf1f","messageTitle":"Added Remark Commands - Fixes the checkstyle errors","messageBody":"","fileTypesAndContributionMap":{"functional-code":{"insertions":6,"deletions":3},"test-code":{"insertions":22,"deletions":1}}}]}],"timmyly7":[],"adi-kd0021":[],"e0261618":[]},"authorFileTypeContributionMap":{"Chilaiping":{"docs":0,"functional-code":0,"test-code":0},"skyventus":{"docs":0,"functional-code":175,"test-code":94},"timmyly7":{"docs":0,"functional-code":0,"test-code":0},"adi-kd0021":{"docs":0,"functional-code":0,"test-code":0},"e0261618":{"docs":0,"functional-code":0,"test-code":0}},"authorContributionVariance":{"Chilaiping":0.0,"skyventus":38485.484,"timmyly7":0.0,"adi-kd0021":0.0,"e0261618":0.0},"authorDisplayNameMap":{"Chilaiping":"TIC4002-F18-4 CHI ..PING","skyventus":"TIC4002-F18-4 OLIV..N DA","timmyly7":"TIC4002-F18-4 LI Y..I YI","adi-kd0021":"TIC4002-F18-4 ADI ..KARI","e0261618":"TIC4002-F18-4 HNGO.. WEN"}}
